ID,First Name,Last Name,Hospital ID,Type
pmT7yN,Bob,Harris,86,doctor
SSg26z,John,Brown,75,np
1ZIGNp,Jane,Johnson,61,doctor
O2aJE5,David,Brown,79,nurse
SDkbr9,Jane,Robinson,48,nurse
BoEwI0,John,Johnson,37,np
FBEoTx,Jane,Clark,75,doctor
FOelKt,Michael,Johnson,106,np
pIJH35,Michael,Robinson,87,np
sQuJk1,David,Garcia,13,nurse
TW8ck1,Sophia,Johnson,46,np
HXQKPq,John,Robinson,13,np
9QyQDF,Daniel,Garcia,4,nurse
C0wRBn,Michael,Hall,59,doctor
Bx05hx,Alice,Garcia,103,np
HDwQQz,Sophia,Wright,89,doctor
iiyp3S,Olivia,Robinson,28,doctor
HLMZrj,Michael,Brown,66,nurse
R4GDxe,Jane,Hall,83,np
z0hGGe,Michael,Wright,62,np
KVMLOG,Olivia,Lee,70,nurse
6IuxjD,Jane,Clark,111,np
zWkmO2,Emma,Robinson,89,np
Tuieea,Daniel,Wright,65,doctor
n9oyih,Michael,Robinson,72,np
BBWMhy,Daniel,Wright,112,nurse
eOEPjK,Olivia,Garcia,13,doctor
wVBj1S,Sophia,Harris,59,np
APxxBg,Jane,Wright,51,doctor
6RIE3P,Jane,Robinson,87,np
ZjUiw2,Alice,Garcia,60,np
CxQ98f,Bob,Smith,9,doctor
9yd7Kj,Daniel,Brown,81,doctor
caUySx,Michael,Harris,88,nurse
OKP84v,Daniel,Garcia,11,np
5VvpTk,Daniel,Johnson,60,np
vRHnQT,Sophia,Harris,22,nurse
MdjfVS,David,Smith,71,doctor
qm1dnD,Michael,Harris,20,nurse
sxQotE,Emma,Johnson,101,doctor
Hyt4L0,Olivia,Clark,23,nurse
RHbtQl,John,Wright,72,np
C2mDRj,Alice,Harris,76,np
m1tFle,Daniel,Brown,110,nurse
YtLmEx,Daniel,Harris,4,np
tYnXaK,Bob,Garcia,63,np
mLONeH,Alice,Brown,76,nurse
JU9C0A,Michael,Harris,89,np
YjVLXP,Alice,Lee,91,doctor
urhtzF,Emma,Smith,94,doctor
wqeF9N,John,Robinson,19,nurse
gpCSGK,Alice,Harris,49,np
d46AV7,John,Harris,103,doctor
NVLqq1,Sophia,Wright,88,nurse
LPIWZw,Alice,Wright,109,np
bYuF8F,Olivia,Harris,22,doctor
juwJ7M,Michael,Hall,105,doctor
Q7Qy1q,Olivia,Hall,59,nurse
DqwtXR,David,Clark,31,doctor
DZtCTs,Michael,Harris,25,np
SaCOvN,Olivia,Johnson,30,np
bUFARn,John,Hall,31,nurse
sc5Lvk,Michael,Clark,99,np
VHbTtF,David,Johnson,18,nurse
st4qbf,David,Hall,103,np
lVWnFJ,Jane,Wright,55,np
dgS6Zb,Jane,Harris,51,nurse
14WhvU,Daniel,Smith,102,doctor
MEpq9N,Emma,Lee,82,np
4e7Uyh,Emma,Garcia,10,np
8wj6eK,John,Hall,59,doctor
E5LkZl,Bob,Hall,101,np
V9Cco1,Sophia,Harris,108,np
8FUOEh,David,Clark,25,np
0CxBt4,Bob,Smith,47,doctor
hdGTQE,David,Smith,42,np
CkHGiY,Daniel,Harris,37,nurse
6oiyB5,Emma,Smith,77,nurse
xDYDKe,John,Garcia,69,np
h0YRln,David,Clark,41,doctor
EzFa5i,David,Robinson,29,nurse
YaECXy,Jane,Garcia,109,np
U0PczD,Michael,Brown,60,np
l3bUb7,Bob,Smith,105,doctor
a5rawq,Sophia,Robinson,70,np
VWNyFM,Michael,Johnson,44,np
qOX312,John,Harris,94,doctor
hkm57b,Michael,Harris,102,nurse
1Gc9eU,John,Lee,90,doctor
OsaH5j,Daniel,Johnson,54,doctor
lDVtzk,Daniel,Clark,9,np
TGvoMC,Sophia,Robinson,96,nurse
KCSy3r,Sophia,Wright,22,nurse
clXFOk,Alice,Hall,30,doctor
cQVrLq,David,Robinson,50,np
fBleBT,Jane,Brown,29,nurse
P0Zu8U,David,Hall,2,nurse
5S1CAS,Olivia,Harris,105,nurse
R3kmem,Alice,Wright,108,np
1eUThF,Sophia,Robinson,97,nurse
B9oAYw,Bob,Brown,18,np
EtHbNm,David,Clark,78,np
veaUgT,David,Garcia,90,doctor
j2nXwX,Alice,Garcia,65,nurse
BViwAw,Sophia,Lee,15,doctor
7aImPi,Daniel,Brown,114,nurse
cl3199,David,Hall,36,doctor
LQ7jNu,Alice,Wright,73,np
2bIwPk,Daniel,Garcia,37,doctor
eiUCJE,Sophia,Hall,4,doctor
Yh1q2I,Jane,Smith,29,nurse
iLoqQQ,Jane,Garcia,103,nurse
81QIKd,John,Hall,1,nurse
M6mShx,Jane,Harris,30,doctor
iR2RXN,John,Garcia,50,nurse
TC1XMU,Sophia,Wright,103,np
7y572B,Sophia,Robinson,2,nurse
brMQa2,Bob,Lee,32,nurse
bMz0Yv,Michael,Lee,30,doctor
Q5b9p9,Bob,Garcia,79,nurse
L8vDm7,Michael,Brown,2,np
91VFTq,Alice,Robinson,37,np
KO0QbJ,Olivia,Smith,21,doctor
2HYxbV,Bob,Harris,52,doctor
e2iyeZ,Michael,Harris,74,doctor
TGZG1m,Bob,Hall,37,doctor
99k04S,Sophia,Harris,21,doctor
BBwvuu,David,Wright,8,doctor
umtFNG,Sophia,Brown,115,nurse
M7hPoQ,Alice,Harris,11,nurse
bZUt3Q,Sophia,Johnson,71,nurse
DVYSEo,Alice,Clark,106,doctor
jJUTff,Sophia,Clark,100,np
CHgsMT,Olivia,Brown,11,doctor
f6nj9t,Olivia,Smith,48,np
4vRV9F,Emma,Brown,109,nurse
lGbQ1D,John,Garcia,85,np
U1T0KX,Sophia,Clark,4,doctor
QA8nFv,David,Brown,90,doctor
2gJr1t,Daniel,Clark,35,nurse
BDRouS,David,Lee,55,np
4FqeCd,Alice,Robinson,46,nurse
8uB3L3,Bob,Garcia,62,np
JKrJ3d,John,Hall,34,nurse
dlB2x2,Michael,Smith,41,nurse
SaadAS,Emma,Robinson,88,nurse
EoDtkZ,Sophia,Brown,97,np
LYl4k0,Bob,Garcia,87,np
L6rXML,Emma,Smith,75,doctor
SpDTlA,Michael,Brown,59,nurse
VvATok,Alice,Harris,3,doctor
QAYXzo,Olivia,Clark,91,doctor
O0DsCd,Emma,Hall,27,nurse
GP9WOc,Sophia,Lee,5,nurse
M6cldL,Michael,Hall,32,np
da0TBz,John,Robinson,65,nurse
pGH6zB,John,Garcia,73,nurse
D5ksY9,David,Garcia,49,doctor
BmmPPO,David,Brown,52,np
0ZAkC4,Olivia,Harris,60,doctor
N8U5MW,Michael,Johnson,65,np
OGc4u8,David,Wright,4,doctor
dmwPvF,Alice,Wright,109,doctor
uPOT4x,Daniel,Smith,93,doctor
VWn9S7,Alice,Robinson,13,doctor
XwTklD,Jane,Brown,92,doctor
agy8Jg,Bob,Wright,84,np
Oup9zX,Emma,Garcia,67,nurse
H8leL4,Emma,Johnson,80,nurse
AsvHOK,Jane,Harris,65,np
1ozDDZ,John,Hall,77,np
7M7hTj,David,Garcia,94,np
BOlwAW,David,Smith,45,nurse
3MdGGu,John,Smith,7,nurse
HKvbLB,Bob,Garcia,88,nurse
uh8ALC,Michael,Robinson,46,nurse
pscWlk,Emma,Clark,3,np
0V5IO9,Jane,Brown,37,np
gtSpBU,Emma,Harris,114,nurse
q6fVxh,Alice,Johnson,44,nurse
O9E23L,Emma,Robinson,78,doctor
KwV30b,Jane,Clark,92,nurse
woIyE3,David,Lee,89,np
aBFRT2,Olivia,Lee,109,np
j5qgfu,Alice,Smith,112,doctor
DEhFp1,Bob,Wright,85,doctor
hd9rjO,John,Lee,103,np
mpWUUe,Bob,Brown,8,doctor
IpxNYa,Michael,Clark,34,np
ChXdNw,Alice,Smith,98,np
0zmLS5,Emma,Lee,6,doctor
v0RwQs,Sophia,Garcia,90,nurse
o97Qmx,David,Clark,87,nurse
jcDGyF,David,Clark,81,np
oSfdKS,Emma,Robinson,51,doctor
IcWSpo,Jane,Robinson,7,nurse
ZAfXm6,Jane,Harris,84,doctor
ZLkuzT,John,Wright,82,np
heq1oT,Emma,Wright,17,nurse
epApq7,Bob,Garcia,58,np
G6jPrf,Michael,Smith,68,nurse
ONWzRh,Michael,Smith,38,nurse
Envibg,Daniel,Harris,76,doctor
0Y79fI,Sophia,Lee,9,doctor
9nsSeb,John,Garcia,95,nurse
uYyHWq,Alice,Clark,62,nurse
b4eC6x,Emma,Smith,96,np
L2DALl,John,Lee,99,doctor
BVrku9,Bob,Robinson,7,np
RwYMRo,David,Harris,78,nurse
gRu9rq,Olivia,Smith,13,nurse
LvtZsc,Sophia,Robinson,44,np
3Iu5HW,Bob,Smith,97,nurse
ASPHIr,Sophia,Wright,36,nurse
t5gOLS,David,Harris,66,np
6CS09f,Emma,Wright,82,nurse
2hnHtn,David,Hall,77,np
KI8zr6,Bob,Smith,103,doctor
NNCB5a,Bob,Hall,88,doctor
a3mqsp,Jane,Hall,5,nurse
kwSGab,Daniel,Robinson,87,doctor
gCMjub,Olivia,Johnson,115,np
IWA48T,Daniel,Harris,40,np
KsqF6j,Michael,Garcia,44,doctor
HYDpWb,Emma,Wright,78,np
3DYuNB,John,Smith,23,nurse
pBuqdB,Daniel,Robinson,76,np
k1pOVy,Jane,Robinson,29,nurse
F0h3qZ,Emma,Robinson,49,doctor
njIHuq,Daniel,Hall,5,np
kDzYHH,Michael,Harris,4,doctor
d8dA8g,Bob,Johnson,103,nurse
hDgPlu,Sophia,Smith,24,nurse
3KU76T,Emma,Harris,62,nurse
Hd9c05,Daniel,Hall,23,nurse
FA4LK2,David,Hall,33,doctor
kTNr7a,Michael,Robinson,65,doctor
e3yYaI,Olivia,Robinson,103,np
txUCxH,John,Wright,83,np
9dpXLJ,Michael,Harris,47,nurse
Z2AmWq,Bob,Clark,5,doctor
uFsXTQ,Alice,Clark,105,doctor
oQgPDr,Sophia,Johnson,21,nurse
h983KO,Jane,Johnson,1,nurse
8yCyqg,John,Brown,48,np
XTx5XM,Michael,Hall,95,np
8qVEQC,Daniel,Hall,112,doctor
0aMwbo,Sophia,Robinson,50,doctor
4Mb2U7,Sophia,Wright,104,np
l5DkP6,David,Wright,104,doctor
8HfBOx,Daniel,Harris,58,np
3g3YY7,Alice,Hall,49,doctor
odzhlt,Olivia,Smith,25,doctor
ZwacaD,Olivia,Garcia,49,nurse
Ek3ko0,Emma,Garcia,38,doctor
CVIimx,Daniel,Lee,70,np
XWKONd,Emma,Harris,8,nurse
32ghmL,Emma,Clark,92,np
q9MFMV,David,Wright,64,np
m8CajI,Alice,Robinson,43,np
P1RFlp,Jane,Garcia,89,doctor
E9utGl,Olivia,Johnson,72,nurse
lwCvii,Emma,Clark,58,nurse
QmxD1I,Bob,Johnson,22,nurse
jmRmbJ,Daniel,Brown,12,nurse
ePJP7V,Bob,Johnson,82,nurse
T0hne2,Daniel,Lee,48,doctor
yPLhdZ,John,Robinson,21,np
2Kxkjj,Daniel,Robinson,58,np
yckaRs,Emma,Harris,59,doctor
VoYfRH,Olivia,Lee,43,np
08x2Bt,Jane,Harris,110,doctor
17aLAk,Daniel,Wright,63,doctor
amZMKX,Alice,Garcia,13,nurse
cKTnft,Sophia,Lee,62,np
rhnnit,Sophia,Brown,100,np
tggKPi,Sophia,Hall,9,nurse
0kKjOb,Olivia,Wright,45,doctor
YEw1Mo,John,Clark,24,np
6LKNV0,Jane,Garcia,91,np
EQQG3S,David,Wright,108,np
Dlh0sm,Jane,Harris,86,np
zwnOuJ,Bob,Brown,31,nurse
w2eWJg,Emma,Wright,109,doctor
wBAHwq,Jane,Clark,83,np
B6Klo0,Olivia,Garcia,9,np
28cXlY,Bob,Smith,88,nurse
zgewa3,Bob,Brown,84,np
VTnlxa,Daniel,Wright,63,nurse
9sKrsC,Bob,Johnson,45,doctor
7axWTA,Olivia,Harris,24,np
DfdCW4,David,Hall,68,doctor
4nVLSt,Jane,Brown,104,np
Xt3p9Z,Alice,Lee,108,nurse
YWTMY3,Olivia,Brown,35,nurse
brFw48,Bob,Wright,67,doctor
jQN45s,Sophia,Robinson,49,np
XdKoSJ,David,Hall,77,nurse
GBcgX8,Jane,Garcia,23,np
eDtHav,Daniel,Hall,107,nurse
kGJe6d,David,Garcia,9,nurse
UtBnw7,John,Brown,58,np
BOu9MH,Daniel,Wright,111,doctor
pAuCSf,Emma,Clark,97,nurse
yPXYz8,Sophia,Wright,75,nurse
3SGNW2,Bob,Robinson,7,np
AwgIFR,David,Lee,50,np
nRLgWG,John,Smith,82,doctor
KInK6q,Olivia,Robinson,103,np
Ta7Pmt,Sophia,Wright,109,nurse
ImqsEj,David,Robinson,2,nurse
vM8oLl,John,Garcia,63,np
P1zSa4,Jane,Johnson,36,doctor
C5N5nV,Daniel,Wright,49,doctor
5867Qf,Sophia,Garcia,20,doctor
wHmkLu,David,Smith,13,doctor
5RCdv7,Daniel,Robinson,49,np
FDq2XU,John,Garcia,114,doctor
o3oeGQ,Michael,Hall,83,np
zNVWFe,Jane,Clark,103,doctor
JbjI5P,Sophia,Brown,71,doctor
W6mCM7,Daniel,Johnson,24,doctor
DJ406K,Daniel,Harris,86,doctor
5dWHNx,Emma,Garcia,29,nurse
fbTCbe,Michael,Hall,69,doctor
QWL1Tj,Sophia,Brown,51,nurse
Bqmolt,Daniel,Lee,97,nurse
RZIH3G,Daniel,Harris,54,np
VPYwmF,David,Wright,111,doctor
H0V6WO,Bob,Smith,30,np
w8nAur,Michael,Clark,4,nurse
hfeL9s,Olivia,Smith,73,np
FxnAvr,Alice,Lee,51,nurse
XyKtLc,Olivia,Clark,79,nurse
5bHj0n,Jane,Harris,13,nurse
WKfpSQ,Daniel,Garcia,57,np
MPd5jD,Bob,Hall,84,np
nWs2Bw,Daniel,Lee,73,nurse
DXyR9y,Emma,Clark,2,nurse
J4hmBK,Daniel,Wright,92,np
kPz0Xy,Olivia,Brown,58,doctor
6HghyO,Michael,Clark,19,nurse
6DnqfF,Olivia,Wright,18,doctor
O0A8H0,Jane,Robinson,79,np
brmlJG,Sophia,Clark,97,nurse
nrCdCN,Olivia,Hall,28,np
sq3CP5,Daniel,Smith,31,nurse
k4lrQ2,Alice,Robinson,110,nurse
JAZvhW,Daniel,Brown,22,doctor
NPWgNm,Olivia,Johnson,85,np
9X68WB,Sophia,Harris,66,np
QSuTah,Michael,Hall,91,nurse
3w7dhr,Olivia,Smith,54,nurse
S5Q736,Bob,Lee,83,np
dzESI8,Alice,Lee,65,np
wlE9ng,Jane,Smith,46,np
7n2645,Olivia,Hall,76,np
IJBCpO,Emma,Wright,24,np
ZeViFP,Alice,Robinson,21,np
B7OqD2,Alice,Hall,53,np
Dwtht3,Jane,Johnson,2,nurse
RvC5jc,Alice,Harris,27,doctor
hYj2Nv,Olivia,Robinson,115,nurse
u8TRxE,Alice,Clark,20,doctor
LLo65b,Daniel,Smith,80,nurse
nvsTBU,David,Garcia,18,doctor
hXiALa,John,Smith,11,doctor
cMd18B,Sophia,Brown,20,doctor
ZDZLUY,David,Lee,51,nurse
eJIdvV,Michael,Wright,70,doctor
nA3Ksf,Emma,Smith,15,doctor
fWbkuy,Alice,Smith,4,np
UBfgyF,Jane,Smith,75,np
kwomIB,Alice,Lee,101,np
Djh1GQ,Bob,Johnson,35,nurse
AiT1Sk,Jane,Smith,114,np
RyJi7q,Emma,Brown,69,doctor
JIf7nL,David,Lee,23,np
hq6jm9,Olivia,Hall,56,doctor
ItyqqK,Sophia,Brown,103,np
ITUzNA,Alice,Clark,57,nurse
YQO6IO,Bob,Smith,2,doctor
PWyCPq,Bob,Harris,106,doctor
I0TsyW,John,Johnson,17,nurse
0ooJxQ,Jane,Garcia,5,doctor
hNmKQP,Emma,Clark,5,np
iQwqms,Daniel,Garcia,87,doctor
LN9nM9,Sophia,Brown,13,np
fRV0HP,John,Hall,107,nurse
7VTd0y,Bob,Lee,98,nurse
nT151y,David,Johnson,15,np
Rybpja,Daniel,Johnson,4,doctor
z8R48b,Alice,Brown,90,nurse
HkjE5Q,Alice,Brown,111,nurse
6iBavx,Bob,Garcia,81,np
Ir3ual,Sophia,Johnson,17,nurse
s9oPJ2,Sophia,Clark,62,nurse
80CIzL,Olivia,Wright,106,doctor
PSpgpT,Daniel,Lee,92,np
VVdpj7,Bob,Johnson,57,doctor
uNK0CG,Olivia,Robinson,6,doctor
3Vdfek,Olivia,Johnson,33,nurse
GpfQno,Jane,Wright,58,np
3CKd3V,Olivia,Harris,114,np
nwzXA1,John,Wright,93,np
SxwCcK,Sophia,Johnson,18,np
iqZdqS,Daniel,Garcia,82,nurse
aPPAef,Sophia,Hall,65,doctor
hot7n4,Alice,Brown,30,np
ANaxhx,Daniel,Hall,77,nurse
MaGZHl,Sophia,Harris,95,nurse
EOk44G,Jane,Harris,68,nurse
crORMt,Daniel,Hall,10,np
JgPbzB,Jane,Clark,41,nurse
stDPPe,Sophia,Wright,58,doctor
Riinhf,Alice,Clark,59,nurse
0qfhBo,Olivia,Smith,73,np
QizwuX,Emma,Brown,70,np
2I6rwY,John,Robinson,19,np
FHKBYo,Jane,Lee,4,nurse
JRGLVl,Bob,Harris,97,doctor
G01Cb7,John,Robinson,21,doctor
yXCj79,Bob,Hall,71,nurse
EtXDN6,Michael,Smith,45,doctor
jPqUDN,Olivia,Wright,9,nurse
xW1Vl8,Sophia,Brown,36,doctor
UAxF6P,Olivia,Smith,82,doctor
ZZpQ7V,John,Harris,72,nurse
k1h0Uk,David,Harris,67,np
6MadQa,Jane,Brown,63,np
hHAJMb,Sophia,Brown,27,np
JEX5rT,Alice,Wright,71,doctor
cgCyXA,Jane,Garcia,17,np
sfXrU3,John,Clark,68,nurse
BuKcxp,Bob,Clark,79,nurse
YtXZlt,Olivia,Garcia,78,nurse
nyiTFZ,Emma,Hall,57,nurse
B23kMz,Sophia,Lee,24,np
Svr2td,Bob,Brown,26,np
yDBwjz,John,Garcia,104,doctor
dxenN5,Bob,Brown,89,doctor
XE18au,John,Robinson,36,nurse
ojhEJA,Daniel,Harris,73,nurse
Ryf4jc,Alice,Hall,25,doctor
QMFtY9,Bob,Lee,101,doctor
JWkGwv,Sophia,Wright,113,np
s8KyG6,David,Lee,57,doctor
QsXrPp,Michael,Garcia,54,doctor
HgJMef,Michael,Robinson,66,doctor
uKuxCI,Alice,Hall,40,doctor
LpgyTe,Olivia,Johnson,33,doctor
1Zg3jx,Sophia,Hall,52,nurse
gxYDJX,Emma,Clark,28,np
JVRUpP,Emma,Clark,4,nurse
fGOpRh,David,Johnson,26,nurse
bTC4Ym,David,Smith,31,np
lc51ND,Emma,Lee,58,np
5vklAI,Olivia,Brown,62,np
smFrG7,Alice,Lee,92,nurse
8GJLpf,Emma,Robinson,92,doctor
20BJlu,Bob,Robinson,16,doctor
birSfW,Sophia,Lee,32,np
73IvaY,Sophia,Clark,114,doctor
jhNI2n,Jane,Johnson,94,doctor
RNk7QS,Daniel,Smith,55,np
A1tbSE,Olivia,Lee,84,doctor
XpgZlZ,Olivia,Clark,19,nurse
HgeUOg,Sophia,Robinson,103,np
c2KXAi,Olivia,Brown,10,np
GSwxW2,Bob,Harris,110,np
IHi8GB,Jane,Garcia,78,nurse
PvqcSk,Sophia,Brown,22,nurse
7CUg6Z,Sophia,Smith,74,doctor
DW6eJd,David,Brown,61,doctor
3Okomc,John,Lee,23,nurse
HWD1vs,David,Lee,86,doctor
MvvTdX,Bob,Harris,21,doctor
rUCWXG,Olivia,Robinson,17,np
w4LEgs,Emma,Hall,115,doctor
JqoaSj,Bob,Johnson,43,np
rPw3U9,John,Clark,95,nurse
6bkfxe,John,Smith,73,nurse
qP3AhB,Daniel,Wright,33,nurse
Rn8rtx,Daniel,Robinson,59,nurse
stozpn,Sophia,Brown,99,nurse
vzXMo6,David,Hall,3,np
KZ3rvf,Daniel,Johnson,67,doctor
to881k,Jane,Smith,81,doctor
q7tvPh,Bob,Smith,113,doctor
gx5GxB,Sophia,Robinson,61,nurse
NHvrtl,Michael,Lee,100,nurse
GnPnuH,Daniel,Lee,89,np
XVa0RZ,David,Lee,4,doctor
6SUBOr,Michael,Johnson,6,nurse
EhT4GR,David,Clark,72,doctor
O7Rlkg,Bob,Harris,87,doctor
ZEpUS8,David,Garcia,2,np
AbIcln,Sophia,Robinson,57,doctor
d0Yc5V,Olivia,Wright,77,nurse
CyMZxm,Bob,Johnson,49,nurse
7m3o4x,Michael,Wright,7,np
JDMoB4,Bob,Hall,110,doctor
8YJhOZ,Jane,Robinson,57,doctor
etZ6ZL,David,Garcia,60,nurse
3QfpAm,Olivia,Hall,12,doctor
Mk37XI,Daniel,Wright,96,np
4Hox0c,Olivia,Brown,87,doctor
ZV3CGD,Jane,Wright,88,nurse
RdCxwd,Emma,Lee,84,np
4zfntH,Olivia,Lee,81,nurse
APPLBi,Alice,Johnson,28,nurse
ixHP3y,John,Brown,1,doctor
SZBZet,David,Brown,47,doctor
GAHSII,Bob,Robinson,93,doctor
aHVSzp,Bob,Wright,29,doctor
yVPHIX,Emma,Harris,25,np
Ol1GyO,Olivia,Johnson,81,doctor
O5ZEfH,Michael,Garcia,114,doctor
QcQWnL,Michael,Clark,40,np
CqAddI,Jane,Garcia,32,doctor
Sycbkx,Daniel,Hall,99,np
7QysG8,David,Lee,106,np
ldO6JR,Alice,Harris,60,nurse
uWcVe5,Jane,Garcia,45,np
jZT7Rh,Sophia,Smith,11,np
OWRdUx,Bob,Harris,50,nurse
aNj5Dp,John,Lee,104,nurse
cZKjBc,Bob,Harris,67,np
Qcj0gB,Daniel,Lee,1,np
jsnh1z,David,Hall,50,nurse
5ZRtT8,Jane,Brown,29,doctor
rGDQRF,Olivia,Garcia,24,np
8uPljN,Emma,Robinson,20,nurse
DjGDsV,Alice,Hall,110,nurse
gkpWdQ,Olivia,Lee,67,nurse
7uLEn7,John,Lee,7,np
DaRNe3,Daniel,Garcia,23,nurse
oLGRG7,Jane,Garcia,12,np
qgA4wk,Michael,Johnson,49,doctor
vqJwzp,Olivia,Johnson,56,doctor
RylvLN,Michael,Harris,108,doctor
58VKD9,Bob,Robinson,12,doctor
tJWlca,Jane,Hall,63,np
nwsRLm,Jane,Robinson,23,doctor
ulkdRY,Bob,Johnson,102,nurse
MMDpJ8,Alice,Garcia,29,doctor
t6suo9,Olivia,Wright,104,doctor
4tGtnz,Sophia,Harris,36,np
7avEe4,Emma,Smith,96,doctor
VPlLQX,David,Brown,70,doctor
ZUIzvB,Michael,Garcia,19,nurse
mO6LoH,John,Hall,50,doctor
rP4shp,Olivia,Lee,24,np
dHUgWS,Jane,Harris,107,nurse
1X3Z2s,Bob,Harris,17,doctor
vbjU6i,David,Garcia,80,np
YdQHw7,Daniel,Johnson,67,doctor
x5erlc,Olivia,Robinson,66,np
LjjX8d,Alice,Robinson,81,doctor
EJHdwi,John,Hall,66,np
8k9MzN,Emma,Wright,88,nurse
XKYE9M,Emma,Harris,110,doctor
MJDhzE,Michael,Smith,37,np
UAxBOR,John,Garcia,75,doctor
RnT6aD,Emma,Smith,106,np
sreZts,John,Garcia,11,doctor
9OHdDu,Emma,Smith,47,np
E9GE5n,Sophia,Garcia,9,doctor
HIHufL,Jane,Johnson,26,doctor
oIE4dV,John,Brown,2,nurse
xNZ4gj,Bob,Smith,80,np
G7DdQW,David,Clark,42,doctor
pxXH7g,John,Clark,88,doctor
fcZeUS,Bob,Garcia,90,np
Zo6gr4,Sophia,Smith,68,np
ajcKmU,Sophia,Brown,103,doctor
7CkxUK,Sophia,Hall,5,doctor
TXSisg,Jane,Brown,17,np
2P2sWm,Sophia,Lee,96,np
elY0rb,David,Johnson,43,np
XWskRq,Bob,Hall,102,doctor
DEOXRd,John,Harris,56,doctor
PrieSG,Bob,Harris,20,np
NLbALU,Sophia,Robinson,106,np
jAt16o,Bob,Robinson,5,np
GoVhSG,Alice,Harris,27,np
l93dCq,David,Robinson,6,nurse
RjADtr,Michael,Robinson,55,np
MF3Djp,Olivia,Lee,50,np
MKZt90,Bob,Clark,34,doctor
PQPyno,Michael,Smith,81,np
GhfqGs,Sophia,Smith,62,doctor
gVFNkP,Sophia,Lee,74,nurse
pfhXYe,Sophia,Smith,61,doctor
qkfXv7,Jane,Hall,89,np
XgZHdf,Sophia,Brown,21,np
dD2Xny,David,Wright,108,doctor
IrS4AN,David,Hall,18,np
jOSBlH,Emma,Robinson,8,nurse
XwHPY1,Sophia,Clark,35,np
46WdsO,David,Smith,7,doctor
o0vfQd,Bob,Clark,9,np
okuPD3,Bob,Hall,108,doctor
7ZJI6g,Bob,Harris,52,nurse
xKpUrq,Olivia,Johnson,14,doctor
4rRwHh,Jane,Garcia,61,doctor
apjqhK,Alice,Johnson,81,doctor
0syYMK,Michael,Robinson,45,np
BFLYvv,John,Smith,9,np
IoTAow,Jane,Harris,39,nurse
SNVUxQ,Sophia,Robinson,72,doctor
zomAMT,Daniel,Wright,114,np
0oViLq,Olivia,Robinson,45,doctor
ZYbxZh,Emma,Brown,17,np
0JtTCA,Bob,Clark,103,nurse
YY7kBw,David,Robinson,84,np
rC0eEi,John,Harris,20,nurse
molySR,Jane,Lee,112,doctor
1URA5G,Alice,Smith,82,np
eB65pe,Emma,Lee,77,nurse
7eqp4d,John,Hall,27,doctor
zhDSEU,David,Smith,78,np
SqIHdF,Jane,Brown,113,doctor
sDaQAS,Alice,Garcia,32,doctor
0Ryyrk,Michael,Clark,63,np
Vt89x8,Jane,Garcia,97,np
MiZcvF,Sophia,Harris,14,np
Vcyu2Q,Olivia,Robinson,5,np
WVYBzQ,Olivia,Clark,29,np
UKVOPX,Daniel,Brown,38,nurse
Y1QbYG,Olivia,Johnson,41,np
WcMI8v,Olivia,Clark,7,np
Mul9Vj,Sophia,Clark,16,nurse
ce9Zqr,David,Lee,55,np
CNbEqE,Bob,Garcia,41,nurse
FwR5R9,Olivia,Robinson,40,np
JS7nGI,Alice,Harris,56,np
vBuT74,Daniel,Brown,74,np
ha9tD6,Emma,Garcia,101,np
BiV9lF,David,Johnson,112,np
ssPNSs,Daniel,Robinson,12,nurse
kR4NnA,Daniel,Garcia,111,nurse
3u3cNw,Alice,Harris,56,nurse
N6eOsT,Jane,Hall,91,nurse
NmtsPa,Daniel,Lee,23,nurse
8vpGmx,John,Garcia,93,np
Ipnrvz,Michael,Brown,18,doctor
Hvtcc8,Jane,Harris,103,np
zZJjZo,Sophia,Wright,43,nurse
D3WMGx,Olivia,Robinson,103,nurse
orz0PO,Jane,Brown,46,doctor
hBm4vP,Daniel,Hall,65,nurse
uMWVqY,Bob,Hall,60,np
KWO4W9,David,Smith,96,np
CVOi5B,Jane,Harris,43,nurse
WC2e37,Sophia,Smith,18,nurse
oEaTWq,Olivia,Robinson,84,np
Ddzubi,John,Hall,106,doctor
f7rVJs,Emma,Clark,110,nurse
5PY2NW,Daniel,Brown,50,doctor
redxAp,Jane,Robinson,6,nurse
aedtX6,Olivia,Johnson,56,nurse
zCZL1J,Sophia,Garcia,110,nurse
GSNwSm,Bob,Johnson,115,np
QtOn2G,Emma,Wright,49,nurse
TryA8C,Bob,Hall,15,np
sRlJUl,David,Garcia,53,doctor
zfxAOC,Daniel,Clark,103,np
YEGgre,John,Brown,83,doctor
V6JcUl,Sophia,Hall,93,doctor
76Z0hL,Olivia,Johnson,107,doctor
M7RYVq,Emma,Robinson,69,doctor
v2IX6A,John,Johnson,2,doctor
6E2fFc,Olivia,Johnson,19,np
Sefn9d,Daniel,Garcia,3,np
vKzdD1,Sophia,Garcia,97,nurse
IZaH4f,Jane,Hall,52,doctor
aQ6lR0,David,Smith,115,doctor
tmPw2m,Alice,Garcia,62,np
yWtmcv,Bob,Clark,79,nurse
3Z17in,Michael,Lee,8,np
YC8RBE,Michael,Clark,46,doctor
u3Wnt5,Emma,Hall,21,nurse
rQN0SJ,John,Clark,65,doctor
srSl6C,Sophia,Smith,39,np
DT4ytE,David,Lee,70,nurse
z11ma4,Olivia,Clark,16,doctor
KvrhRL,Bob,Clark,37,np
zn6Z0o,Emma,Brown,99,np
nV79Pt,Jane,Robinson,93,doctor
eJ4kBo,Emma,Harris,65,np
o3BPvM,Emma,Clark,18,np
Yan4JW,Bob,Clark,7,nurse
kbWZAb,Sophia,Wright,92,nurse
jIPoW8,Daniel,Harris,40,np
uTXnW7,Michael,Wright,44,doctor
KOy1di,Jane,Johnson,45,nurse
RLbts5,Alice,Garcia,68,np
OewCFQ,John,Johnson,115,doctor
0XWrnT,Daniel,Clark,91,nurse
U7bL6S,Jane,Harris,93,nurse
hopZjE,Olivia,Wright,73,nurse
KJQXCK,Daniel,Johnson,107,nurse
8rWCT4,Emma,Lee,112,np
EccHCt,Emma,Smith,39,doctor
mklwkC,Jane,Johnson,72,doctor
Y9nTxr,David,Lee,72,np
qxNa31,David,Garcia,32,np
wQCmx6,Emma,Clark,108,nurse
KOY474,Sophia,Lee,23,doctor
WisdRi,Michael,Lee,8,doctor
OjHQQl,Olivia,Wright,42,nurse
onv7Ea,Jane,Wright,2,doctor
Zov2tc,Bob,Johnson,21,np
s6TkBk,Sophia,Smith,83,doctor
uAZH85,Alice,Wright,40,doctor
3nzM7Y,Jane,Harris,83,doctor
skhnzS,Bob,Robinson,55,doctor
u4jYsc,Olivia,Wright,63,nurse
K8Zf02,Alice,Harris,16,np
b9YX6z,Emma,Wright,69,doctor
ImtlOr,Alice,Harris,35,doctor
QeOlJq,Olivia,Harris,19,doctor
naD3J3,John,Harris,29,doctor
Nam6rc,Alice,Lee,106,nurse
t0St5V,Olivia,Clark,74,np
jmPMX1,Daniel,Smith,62,doctor
ZCIRB0,David,Brown,79,nurse
tEEVfu,Bob,Wright,84,np
BMjNAE,John,Johnson,64,doctor
xdShQA,David,Hall,110,np
WENTZe,Alice,Smith,5,doctor
i1OTQN,Michael,Clark,28,nurse
6qRxyV,Olivia,Garcia,6,doctor
nqmmmS,John,Robinson,26,doctor
TMbnwH,Sophia,Brown,67,doctor
c33yUH,Alice,Smith,91,doctor
2C6wrI,Bob,Wright,12,np
ZGBzew,Emma,Brown,102,nurse
8WKGSI,Alice,Harris,107,doctor
7vS578,Michael,Robinson,50,doctor
hSLSxk,Jane,Lee,103,nurse
4uO4zd,Emma,Garcia,80,doctor
hCG1gW,John,Johnson,51,doctor
C8puU9,Michael,Garcia,115,nurse
pJPYdA,Emma,Hall,81,np
TR874r,John,Brown,7,np
9hjfjH,Sophia,Garcia,111,nurse
AvddHu,Emma,Hall,38,doctor
tvwJcI,Olivia,Robinson,28,nurse
L5K0vW,Bob,Lee,99,doctor
T3cAv9,John,Brown,68,np
ZcM5KX,Emma,Clark,83,doctor
OBkrq7,Alice,Smith,83,nurse
QpkpM8,John,Harris,83,doctor
k0DA79,John,Johnson,76,doctor
9uZ36P,Daniel,Johnson,8,nurse
wlxw0n,Daniel,Brown,83,doctor
6DeNa5,Jane,Hall,59,doctor
KAzBZV,Olivia,Brown,25,np
fcOWje,Michael,Clark,12,nurse
1XdqjV,John,Lee,97,np
gNbhJW,Sophia,Johnson,14,doctor
fotYZy,Bob,Robinson,79,doctor
k2xS1l,Sophia,Lee,81,np
hSGkPE,Michael,Johnson,113,np
Rzh8dm,Emma,Johnson,38,np
kdujJ7,Daniel,Brown,108,doctor
y2R4Bw,Jane,Lee,64,doctor
MgQNIw,John,Harris,2,np
8d3oeB,John,Robinson,7,nurse
HUOEFK,Emma,Johnson,63,np
q073YT,Olivia,Brown,97,np
JhNY1j,David,Hall,115,np
ojOjn2,Michael,Garcia,80,doctor
dfKwr0,Olivia,Smith,41,doctor
r1Z445,Alice,Harris,71,nurse
JsdBBM,Michael,Lee,107,np
uJLwnP,Sophia,Johnson,20,np
vrwz4K,Daniel,Clark,74,nurse
lleVhI,John,Hall,7,doctor
r7xo3q,Daniel,Robinson,57,doctor
PHYvAF,Olivia,Johnson,11,np
M2QQCf,Jane,Smith,92,nurse
ChFAIw,Emma,Hall,26,nurse
mwiYkE,Olivia,Johnson,74,doctor
jagrWS,Jane,Hall,12,doctor
BuEA8q,Jane,Clark,74,np
bO0xH6,Michael,Smith,87,np
CIbgC0,Bob,Clark,81,np
JljIAf,Bob,Garcia,110,np
hxvqMZ,John,Smith,77,nurse
4gfzgH,Alice,Harris,51,np
ZwCjUu,Olivia,Robinson,81,doctor
SEPJCU,John,Wright,91,nurse
gsmdBO,Jane,Clark,104,np
Q3GwaO,Bob,Garcia,44,np
7B9HEc,David,Wright,6,nurse
GDsFFg,Olivia,Harris,52,doctor
vUfF2M,David,Hall,61,np
CHMPjS,David,Wright,68,np
EphBL9,Bob,Johnson,41,np
CYz0g5,Bob,Lee,30,np
UQWqfD,Bob,Wright,69,doctor
w8t4PG,Alice,Harris,104,doctor
3u1rNO,John,Brown,49,doctor
UVE20O,David,Garcia,42,doctor
nGbtzp,Emma,Brown,28,doctor
wLQFuC,Daniel,Hall,10,np
T6yrFh,Emma,Harris,2,doctor
yGFiFz,Olivia,Smith,32,nurse
mITKv8,Alice,Brown,35,nurse
UQdtc5,Bob,Harris,75,nurse
vKSVyH,David,Lee,23,np
nHmZ9s,Bob,Garcia,110,np
gfYGoy,David,Clark,103,np
ewHzbo,Alice,Clark,99,doctor
JWykGD,Bob,Smith,17,doctor
uuPM8S,David,Wright,3,doctor
bht2dz,John,Garcia,58,nurse
1stE1n,Emma,Clark,62,doctor
x9QM6z,Jane,Johnson,4,doctor
JJkbRn,Sophia,Brown,108,nurse
FEpVR9,David,Garcia,54,doctor
lhlmHi,Sophia,Hall,1,nurse
DXEmZi,Jane,Brown,15,np
IDAhip,Emma,Garcia,105,nurse
GdK5sh,Alice,Garcia,1,doctor
hrBk38,Daniel,Brown,17,np
eaOh7z,Jane,Johnson,53,np
bk8xhf,Michael,Harris,55,nurse
YeggIF,Emma,Robinson,30,doctor
s7mzON,David,Clark,13,doctor
Kd2XMT,Daniel,Harris,39,doctor
nQKi6X,David,Hall,86,np
JgtoUT,David,Clark,20,nurse
kc5zqv,Bob,Garcia,58,nurse
6ZOZ95,Emma,Robinson,26,np
xLnbWl,Olivia,Robinson,23,doctor
6DXbW7,David,Harris,92,doctor
ZtHTd5,Michael,Brown,44,nurse
dDh6T8,Bob,Harris,103,doctor
7R6m1v,Alice,Robinson,19,np
J8BSxF,Sophia,Smith,52,np
cJd7dD,David,Lee,62,doctor
ONDgq1,Bob,Clark,54,np
UmxRVc,Sophia,Garcia,88,nurse
ZGdRaf,Bob,Brown,1,doctor
xPanNF,David,Lee,6,nurse
24mWJ3,Bob,Garcia,86,np
eT3Xw6,Olivia,Clark,104,nurse
snYeSu,John,Wright,30,doctor
i4xuGz,Daniel,Smith,31,doctor
sECUnl,Emma,Lee,3,np
35DvpK,Daniel,Harris,12,np
MAL2M7,Daniel,Smith,48,doctor
xrKeVm,Bob,Robinson,18,np
asO87Q,David,Smith,11,nurse
ORsqSP,Michael,Harris,66,nurse
IJ7Zgi,Michael,Wright,69,doctor
rdzUgT,Alice,Brown,5,np
it0zYg,Emma,Brown,112,nurse
8OAncj,Bob,Hall,97,doctor
rJCc8P,Emma,Johnson,60,doctor
gqwISc,Daniel,Clark,19,np
9pr1GX,Olivia,Wright,6,doctor
XdZne5,Alice,Smith,65,np
4tg9Ds,Sophia,Robinson,104,np
9x8glK,Sophia,Johnson,97,np
hZlQ0D,John,Garcia,86,nurse
joJpPo,David,Harris,73,np
r5zgYC,Alice,Garcia,108,np
Z6Gi16,Bob,Smith,4,doctor
gPEDyd,Michael,Hall,26,np
dCsEpX,Bob,Garcia,56,nurse
wbuyME,Jane,Clark,69,nurse
dfPlIv,David,Wright,49,nurse
iEVJlz,Michael,Hall,44,np
4wmzXD,Alice,Brown,48,doctor
1Chxxs,Daniel,Brown,86,np
nRJhvP,David,Johnson,64,doctor
4cytpD,Emma,Harris,87,doctor
t3ziIP,Jane,Wright,17,nurse
jPidnr,Bob,Johnson,7,nurse
gzlu7S,Alice,Harris,35,nurse
lZkPtO,Jane,Clark,37,nurse
xZRXlW,Jane,Harris,102,np
VJeN8L,John,Clark,100,doctor
Lnv1Jx,Alice,Wright,76,np
aIeSrY,Alice,Garcia,14,nurse
QSPq3P,Alice,Clark,21,doctor
DNSLaK,Bob,Wright,74,nurse
c7MjHR,David,Lee,94,np
Rlkgwe,Olivia,Garcia,74,np
LDlrLU,John,Clark,30,np
shEte6,John,Hall,106,doctor
fEJ4kB,Bob,Robinson,100,doctor
Z0XG3X,Michael,Johnson,34,doctor
KHxiwT,Olivia,Hall,60,nurse
tNQHB3,Daniel,Garcia,4,nurse
sfkCwK,Jane,Smith,55,doctor
AxINDs,Michael,Clark,61,doctor
6pF8ZM,Bob,Clark,81,np
OPye3u,Sophia,Smith,13,doctor
YJ9ZHB,Alice,Garcia,19,doctor
SxhlFv,Sophia,Harris,18,doctor
04JXxV,John,Lee,62,np
3kMRam,David,Smith,23,doctor
yrLbJN,John,Garcia,73,nurse
2vWi9q,Sophia,Smith,112,doctor
vXBw05,Daniel,Clark,42,doctor
bnnfeX,David,Smith,24,nurse
wMf13I,Daniel,Hall,26,np
YBcRoC,Alice,Clark,42,np
v7mLca,Michael,Hall,17,np
5KhIuj,John,Wright,6,np
3gjKPR,Michael,Johnson,72,np
AweXbe,Daniel,Garcia,49,np
KD4345,John,Clark,6,doctor
U6ozKs,Daniel,Wright,64,doctor
7FTc4Q,Jane,Wright,20,doctor
q16bF2,David,Harris,25,np
HkACeJ,Sophia,Hall,100,np
qPbpTF,Emma,Wright,25,nurse
STAD5h,Alice,Wright,92,np
rCgiJp,Sophia,Robinson,85,np
IhdEnF,Michael,Smith,27,nurse
OLu7S9,David,Robinson,105,np
LEio2Z,Alice,Lee,84,doctor
GRs0ix,Michael,Wright,8,doctor
yYDNYN,Emma,Lee,50,doctor
hMRH1a,Michael,Harris,41,np
Y6HLKJ,Emma,Wright,46,doctor
jPy6x1,Michael,Smith,21,np
RgGoQw,Sophia,Brown,36,np
LDkNnO,Daniel,Garcia,34,doctor
5HgJht,Sophia,Lee,28,doctor
Ch6AVI,Alice,Smith,99,doctor
AfqpjF,David,Wright,115,doctor
2qd6CU,Sophia,Johnson,33,np
cO4nZ9,Alice,Hall,65,nurse
T317LK,Olivia,Robinson,38,doctor
Vwv7z9,Olivia,Brown,73,doctor
NJizSq,Michael,Lee,38,doctor
RgmKCQ,Olivia,Clark,5,doctor
KfLraz,David,Harris,75,nurse
PAbMnj,Alice,Johnson,103,doctor
ADQJP8,David,Hall,110,nurse
pCf8G3,John,Brown,27,doctor
iZ3B75,Daniel,Wright,53,doctor
KDtBbm,John,Brown,29,doctor
8MqoB8,Sophia,Clark,100,doctor
1PkatP,Bob,Smith,98,nurse
N0zcTv,David,Smith,50,nurse
JykQ7J,Jane,Lee,93,np
5rV2xu,Olivia,Hall,115,doctor
AFpy2G,Michael,Johnson,114,doctor
FuUZoP,Olivia,Smith,31,nurse
JedrKk,Daniel,Clark,56,np
dvEcVX,Bob,Brown,88,doctor
nQqD7o,Daniel,Lee,66,doctor
TCh4pA,Sophia,Wright,100,nurse
w4bvcR,Olivia,Harris,36,nurse
BsShjQ,Bob,Wright,2,doctor
ZalYRK,Alice,Robinson,107,doctor
q0QXIl,Alice,Garcia,112,np
ZhJ3dB,David,Harris,107,np
l295fy,David,Johnson,25,np
mX8Ro5,Michael,Robinson,107,doctor
EvsIJP,Bob,Garcia,10,doctor
TNebtE,Bob,Harris,45,np
N89gHP,Emma,Hall,21,doctor
MnAQxa,Sophia,Lee,39,np
f3CJx5,Olivia,Johnson,64,nurse
uqWAPj,Olivia,Johnson,6,doctor
fj8IAe,Sophia,Johnson,51,nurse
9PTcVx,John,Harris,92,doctor
ZKxZea,David,Clark,95,nurse
DTbgRz,John,Wright,55,np
DU5yAI,Jane,Smith,18,np
BFcqmU,Jane,Robinson,102,nurse
Q8YBDd,David,Lee,56,np
sZHdh0,Emma,Clark,93,doctor
IYcBcD,David,Smith,69,doctor
9OIMVR,Olivia,Smith,80,doctor
lL30Ha,John,Johnson,32,nurse
d9oOhK,Emma,Lee,104,doctor
RtFJ7J,Sophia,Clark,100,nurse
9B2Ohe,Jane,Brown,97,np
KYZf06,John,Hall,90,doctor
TkHC6O,Michael,Garcia,103,np
zjpRs7,Sophia,Lee,86,nurse
05H5np,Jane,Garcia,103,doctor
94XW8w,Sophia,Garcia,32,nurse
dr8EE6,Michael,Lee,91,np
biVqg6,John,Lee,8,nurse
cvi2wu,Jane,Lee,43,np
aPsvtf,Sophia,Harris,77,nurse
1egAhw,Sophia,Garcia,96,np
j20PQ3,Michael,Smith,68,doctor
W6FTNf,David,Clark,19,np
weIQCE,Olivia,Hall,105,nurse
9o90VY,Jane,Brown,54,np
jyYiHE,Olivia,Johnson,37,nurse
Z5zOac,Michael,Brown,100,nurse
ro3BK2,John,Clark,78,np
wXgJck,David,Johnson,65,nurse
tfFtpa,Sophia,Clark,34,nurse
AqLglY,Jane,Brown,38,np
L1iDPY,Emma,Wright,99,np
FSS88s,Michael,Garcia,9,np
fEXhKn,Alice,Robinson,95,doctor
kilb57,Alice,Robinson,111,doctor
HqpmVI,Bob,Smith,82,nurse
9RVWmg,Emma,Johnson,63,doctor
grGHSS,Michael,Garcia,43,nurse
qgbNoR,Alice,Garcia,53,nurse
rzcMpb,Jane,Hall,47,doctor
jRArAc,Bob,Johnson,1,np
7bXi6K,Michael,Clark,9,nurse
p9pLgb,John,Robinson,21,np
f5XEWU,Alice,Hall,105,np
DwMLmX,Daniel,Lee,112,nurse
U36EkR,Olivia,Lee,7,np
6MVWrm,Bob,Wright,51,np
HgliiF,Bob,Robinson,39,nurse
GsqOfk,Alice,Wright,64,doctor
GUI7gT,Emma,Garcia,34,doctor
Z7DLOB,David,Brown,13,nurse
XUTHmP,Jane,Johnson,76,np
css3zZ,David,Robinson,34,doctor
RW2szS,David,Lee,71,nurse
P1EwnX,Emma,Robinson,44,nurse
bb8Mzl,Bob,Smith,28,doctor
ZqrN4d,Olivia,Brown,114,np
SVkIIq,Emma,Harris,72,np
C6lLrT,Jane,Smith,101,nurse
4Cvleh,Alice,Clark,31,nurse
f76suG,Jane,Clark,72,doctor
i0vHfN,Alice,Wright,77,nurse
oN6vBb,Alice,Garcia,17,np
IP07Yf,Olivia,Wright,36,np
g3LH85,Olivia,Clark,28,doctor
DzeAuq,John,Robinson,10,np
YnQTyo,Alice,Lee,37,doctor
CnLyut,John,Wright,107,doctor
dWky6S,Alice,Brown,21,doctor
daXHqs,Daniel,Brown,101,np
JeJ8op,Alice,Robinson,20,nurse
1ZX0XB,John,Lee,60,nurse
OtydLB,David,Wright,111,np
WatGEM,David,Lee,111,doctor
U4yojc,John,Robinson,13,np
O19DtQ,Daniel,Clark,1,doctor
06fCt5,Bob,Hall,106,doctor
LVqJfW,David,Brown,81,np
AOcHO6,Alice,Smith,36,nurse
Ins7tF,David,Smith,2,nurse
McH1MO,Alice,Johnson,59,np
oFXWdi,Michael,Wright,68,doctor
aBhrEP,Emma,Clark,88,doctor
uQWQaT,Daniel,Smith,11,np
tBJL5C,David,Lee,87,np
ZqVHVG,Bob,Smith,44,np
U7219c,Sophia,Harris,88,np
0K0iKR,David,Harris,16,doctor
xuNuwt,Alice,Smith,33,doctor
F55PGW,Olivia,Robinson,79,nurse
jy6R4m,Emma,Smith,71,doctor
LvUMaJ,John,Lee,114,np
XZncYu,Jane,Harris,32,nurse
Kb9qlb,Emma,Johnson,112,np
RFMUTA,Daniel,Harris,35,doctor
YTrSYa,Jane,Hall,56,nurse
OFEQFr,Daniel,Johnson,60,np
aqV0I6,David,Clark,2,nurse
7qDoAl,Bob,Clark,36,doctor
QALQ85,Olivia,Garcia,15,doctor
1Ub3VV,Sophia,Garcia,32,doctor
cPyOqC,Daniel,Brown,9,doctor
6nZKv3,David,Johnson,99,doctor
jiDPyo,Daniel,Garcia,8,nurse
4mzq4g,Michael,Garcia,45,nurse
vAgDrc,Emma,Smith,101,doctor
U2lPL2,Sophia,Hall,78,np
fwdGsS,Daniel,Hall,5,np
mUhWTs,Olivia,Harris,63,np
GycTSK,David,Robinson,39,doctor
Dt35nn,David,Garcia,79,doctor
i8Qvpj,Jane,Hall,37,nurse
PQABYC,Michael,Hall,93,nurse
8IvlpX,Bob,Harris,5,nurse
aAZhCL,Bob,Clark,43,doctor
xh3VeA,Emma,Lee,51,np
3zWM7I,John,Clark,68,nurse
vvfkvl,David,Brown,74,nurse
1bZcPo,Olivia,Garcia,109,doctor
7TDVEf,Bob,Smith,5,doctor
TcSw2Y,Olivia,Wright,12,np
GNTMhI,John,Garcia,2,nurse
2W0YEZ,Alice,Smith,81,nurse
LPYGWA,Daniel,Smith,63,doctor
gvOBq0,Bob,Brown,9,np
VQaYzb,Sophia,Smith,25,np
gvWpv7,Emma,Hall,55,doctor
12burG,Jane,Smith,9,doctor
umr7cC,Olivia,Lee,75,np
KLwpiY,Alice,Johnson,21,doctor
4Am1JF,Michael,Brown,65,doctor
00IJp5,Sophia,Brown,60,nurse
zU1Tco,Sophia,Robinson,73,nurse
85emkW,Daniel,Lee,39,nurse
k20HBk,Daniel,Garcia,32,nurse
n71HS1,Bob,Lee,107,np
dXLK9B,David,Wright,89,np
57vLEo,David,Robinson,77,nurse
w0UXT3,Bob,Clark,18,doctor
b8zUO2,Olivia,Smith,111,np
QvvXH5,Jane,Brown,9,np
tLLIhA,Jane,Wright,92,nurse
lh7zVS,Bob,Smith,41,nurse
qqNtLQ,David,Johnson,86,nurse
vEaAoB,Bob,Robinson,57,doctor
fjHHgj,Bob,Hall,12,doctor
WypxzW,David,Hall,30,doctor
IfIJWM,Olivia,Robinson,42,nurse
L6ZAlX,Daniel,Brown,30,doctor
gLDq3P,Bob,Clark,106,nurse
FgzB7i,Michael,Wright,40,np
N4fGF5,Michael,Lee,24,doctor
p7tbMf,Sophia,Johnson,53,doctor
c8COtO,Bob,Smith,76,nurse
soufIQ,John,Johnson,78,np
oBW4Fu,Emma,Johnson,105,doctor
Zk6WTE,Daniel,Wright,71,nurse
Pmth6P,Jane,Hall,99,np
udQGwb,Daniel,Hall,46,nurse
2AyTtB,Bob,Robinson,89,nurse
w5CtLa,Alice,Robinson,111,nurse
GhFtKy,Bob,Wright,44,doctor
Zddqpb,Alice,Garcia,40,doctor
D2uJNj,Jane,Smith,55,np
wa2zk2,Sophia,Brown,105,np
aN7INw,David,Garcia,52,nurse
YOgxbb,Jane,Garcia,18,doctor
XPniLq,Bob,Johnson,43,np
3YZeug,Olivia,Hall,38,doctor
fArIgX,Emma,Brown,40,nurse
317KTd,John,Robinson,3,doctor
usIfp5,David,Clark,58,nurse
n6Kvtc,Emma,Johnson,84,doctor
CmcFzy,Sophia,Hall,105,doctor
CYy2vT,Sophia,Garcia,97,doctor
QKHxfv,John,Smith,104,nurse
bOZj5k,Sophia,Harris,92,nurse
yeK9Ll,Olivia,Brown,62,nurse
zhggvV,Emma,Lee,46,doctor
yn5WRl,Olivia,Robinson,81,doctor
pzLNhJ,Olivia,Harris,56,doctor
NGdERN,Alice,Johnson,81,np
hD2GF7,Sophia,Garcia,47,np
oJONMS,Alice,Harris,87,nurse
qsPMpn,John,Lee,32,np
nmJ9Ke,Michael,Lee,21,np
zRrpom,Olivia,Garcia,87,doctor
RJ0ttn,Sophia,Garcia,64,doctor
wlD5Ll,David,Clark,56,np
kvkzr5,Sophia,Clark,107,doctor
fu7BOf,Sophia,Hall,114,np
hnDrV6,Daniel,Smith,45,np
8Fs2V2,John,Clark,34,doctor
3qsaBG,Emma,Johnson,65,doctor
Agv9j0,Alice,Lee,53,doctor
mf0JZo,Olivia,Lee,86,np
Npx0dO,Jane,Wright,83,np
tIjxz1,Michael,Lee,4,doctor
42FEXJ,David,Smith,100,np
d6OvGm,Daniel,Hall,104,doctor
upEPQ8,Jane,Clark,8,nurse
yXUlOF,Olivia,Johnson,98,nurse
soQgS4,John,Brown,77,nurse
McJE9i,Bob,Harris,85,np
r4O9KN,Michael,Johnson,50,nurse
494QwF,Emma,Brown,114,doctor
Jv0OJE,Emma,Clark,56,doctor
ou8bPL,Bob,Harris,47,nurse
fJ2CQr,David,Brown,34,doctor
8BJuT2,Sophia,Smith,70,nurse
zX0Eby,Daniel,Harris,99,nurse
Rb1tPm,John,Hall,69,np
OXtCMO,Daniel,Wright,72,nurse
qCNslF,Emma,Johnson,18,np
cHOnxc,Alice,Hall,21,np
EzkW63,Daniel,Lee,92,nurse
yxQqHG,Alice,Clark,64,nurse
GRqCMs,Emma,Brown,33,nurse
jPU6iI,Emma,Clark,76,doctor
66psBk,Michael,Hall,33,nurse
oxQWEn,Jane,Robinson,84,np
YpdLSo,Daniel,Hall,31,np
KzwelO,Bob,Harris,92,doctor
SX2Uam,Michael,Smith,40,np
W3bcUC,Sophia,Lee,72,doctor
jLTzWq,Jane,Lee,56,doctor
vBipx5,Emma,Harris,64,np
pJ1Z87,Jane,Clark,98,doctor
K0An5b,David,Johnson,36,doctor
yAflp6,Emma,Johnson,54,doctor
n5EC2J,Emma,Clark,3,doctor
u7rWFL,Alice,Garcia,104,np
gDzzcX,Emma,Brown,107,doctor
JNJyAt,Jane,Brown,15,nurse
L4Ysy4,John,Clark,8,np
qL5RQa,Olivia,Harris,10,np
mhbTg1,Bob,Garcia,95,np
LL5OaV,David,Johnson,96,nurse
S4WlKP,Michael,Brown,36,nurse
wLksjx,Emma,Hall,81,doctor
ABk2aH,Emma,Johnson,22,doctor
3p6zC0,Olivia,Brown,69,nurse
AAjKzA,Michael,Johnson,50,nurse
7EuLUG,John,Smith,17,nurse
GCrxCW,John,Smith,110,np
59WxNH,John,Clark,42,np
UXyrdU,Daniel,Garcia,19,np
tYv3FO,Bob,Garcia,37,nurse
GibUFH,John,Robinson,64,doctor
LKTs8Q,Alice,Hall,44,np
6bDGI8,Bob,Harris,83,np
2UxDso,Alice,Garcia,98,np
tmywmO,Alice,Smith,30,np
bqz6xa,Bob,Smith,35,np
HxGPGF,Alice,Garcia,7,np
McNB9o,David,Lee,59,doctor
I47zKI,Bob,Smith,50,np
4joaqG,Olivia,Brown,31,doctor
4NTCaa,Michael,Smith,111,doctor
yx4xAk,David,Brown,88,nurse
8NPGdi,John,Johnson,31,doctor
HHnJ9x,Jane,Harris,74,nurse
6pAO0f,Emma,Wright,81,np
RumTq3,Daniel,Lee,22,nurse
lMbvbS,David,Harris,24,nurse
HjHD55,Emma,Johnson,79,nurse
Fs6Ofq,Jane,Robinson,37,nurse
7TbE7q,Bob,Hall,56,np
Bd61X3,Sophia,Lee,73,np
wjVAra,Jane,Clark,97,doctor
rRlS0D,David,Wright,66,np
I1ilpX,Alice,Lee,5,doctor
gvfGaE,John,Wright,90,np
CBuoeR,Jane,Robinson,26,nurse
KyfvCa,John,Wright,44,np
9kj8Ki,Sophia,Lee,86,np
FLau3K,Jane,Brown,14,nurse
ziNB1l,Bob,Hall,83,np
SSghF5,Alice,Robinson,43,doctor
ye5GvY,John,Johnson,68,nurse
nre3cm,Emma,Wright,85,np
7yX6CC,Jane,Garcia,50,np
fhYxEH,Jane,Robinson,49,np
zZf0x6,Sophia,Clark,36,doctor
Snljkn,Jane,Johnson,76,nurse
gEhex8,John,Smith,15,nurse
l2DEkj,Emma,Clark,2,nurse
FWRLHK,Daniel,Smith,41,nurse
S2IS2l,Jane,Clark,84,np
yQwMz9,Alice,Harris,52,nurse
U8zIb9,Michael,Johnson,35,nurse
QMmVKI,Michael,Hall,10,doctor
KX0hwN,Daniel,Clark,97,nurse
Ly45Vy,Olivia,Harris,81,np
b09iF8,Emma,Robinson,50,doctor
Up6nwx,Jane,Garcia,32,nurse
T0qmXS,David,Lee,25,nurse
nJ2ap4,Alice,Robinson,6,np
Ddpy7G,John,Clark,103,np
KBLkfE,Daniel,Hall,1,doctor
nMuZcM,Olivia,Clark,102,nurse
3Vu0it,Olivia,Robinson,106,doctor
WaFjV5,David,Johnson,71,doctor
164Lct,Daniel,Robinson,56,nurse
MTh81F,Sophia,Brown,96,nurse
bA4EZ6,Olivia,Lee,56,doctor
Pk2rbX,Alice,Johnson,107,np
KZlTHu,John,Hall,71,np
JDxUb3,Jane,Garcia,49,doctor
RAq53K,Olivia,Robinson,6,nurse
K3xkwR,Sophia,Johnson,104,doctor
iWuCkB,John,Johnson,104,np
Jo5JTC,Olivia,Johnson,75,np
sEKnt4,Emma,Brown,112,np
zcfFN5,Daniel,Smith,9,doctor
nDCI9v,Jane,Johnson,98,doctor
U11ToV,David,Clark,115,np
npxqwl,Alice,Garcia,82,np
4Kamky,Daniel,Brown,43,nurse
bs1elN,Emma,Brown,36,np
cY3jD2,Michael,Garcia,97,nurse
p7STrh,David,Brown,24,nurse
pqUeln,Emma,Johnson,55,np
8c83Pk,Emma,Lee,108,doctor
u84v1N,Sophia,Johnson,93,nurse
joVyE4,Emma,Robinson,89,np
gdb0mo,Daniel,Robinson,54,doctor
0gl7E6,John,Lee,66,np
sgzj9A,Emma,Wright,31,doctor
uRoDup,Jane,Harris,91,nurse
7vQqjS,Jane,Garcia,44,doctor
hQX9Ng,Bob,Garcia,39,np
RoOGXT,Michael,Hall,92,doctor
fXww4r,Daniel,Robinson,45,np
VfnCHi,Olivia,Hall,64,doctor
qivRz6,David,Clark,94,nurse
t7ATzE,Emma,Hall,101,doctor
oxaKvL,Jane,Brown,37,nurse
L0BXB7,Alice,Harris,57,doctor
XXB19e,Jane,Hall,98,np
wjp7Fu,Daniel,Brown,30,doctor
bUELhj,Daniel,Garcia,102,np
7nPyGO,Jane,Robinson,47,np
skFq03,Jane,Garcia,45,doctor
ILudbL,David,Clark,39,nurse
gCEpL5,John,Lee,2,doctor
aYQPyp,Olivia,Lee,36,np
tpmGZJ,Jane,Smith,60,doctor
aMqtS9,Bob,Smith,18,doctor
htEYwf,Sophia,Wright,21,nurse
hdVZS0,Jane,Robinson,67,np
rQn98C,Jane,Johnson,98,np
88gKQ1,Emma,Wright,10,np
6UChH3,Jane,Harris,104,np
yEbNtm,John,Clark,65,nurse
JjpVw4,Bob,Brown,110,np
q9pyC4,Jane,Hall,79,doctor
ubhzi1,Michael,Brown,77,nurse
nOUOmK,Olivia,Garcia,115,doctor
BRfKGx,Jane,Brown,49,doctor
UUIuGv,David,Brown,42,nurse
YE8Qgf,Alice,Wright,73,np
MXZt2k,David,Lee,42,nurse
QcqwG1,Olivia,Garcia,14,np
P8FOs4,Olivia,Wright,12,np
cCH9x5,Emma,Hall,17,nurse
W2rKbz,Bob,Clark,59,nurse
E6I6sC,John,Hall,68,np
E21ATd,Alice,Robinson,81,doctor
ucMfmC,Michael,Clark,71,doctor
CsrNJQ,Emma,Smith,4,np
tYMZTl,Sophia,Wright,47,nurse
Ca4gts,Michael,Wright,5,nurse
iBTtea,John,Johnson,56,nurse
Vvg22Z,Sophia,Lee,114,np
SmMeIc,Sophia,Smith,6,nurse
xlz6it,David,Lee,87,nurse
BMnEpT,Michael,Harris,53,doctor
O9SI7L,Bob,Hall,64,doctor
A4d9p3,Bob,Brown,81,doctor
hwtgR2,Olivia,Johnson,110,nurse
CGyNHG,Olivia,Johnson,101,np
652KGP,Olivia,Brown,85,np
GlJ245,Alice,Hall,59,doctor
qVJBgW,Michael,Clark,19,np
XhA43t,Bob,Lee,61,np
Mb3SyA,Sophia,Clark,99,doctor
saSLGW,Jane,Johnson,30,np
mJ6xCf,Jane,Brown,57,doctor
aYXlYU,Olivia,Robinson,14,np
P9olVY,David,Brown,59,np
SlrDgi,Daniel,Harris,75,np
PAzXo6,Michael,Garcia,22,doctor
d3BKvZ,John,Wright,92,nurse
aGETgA,David,Johnson,72,nurse
4mZVHp,David,Smith,35,nurse
joYanw,Jane,Lee,74,doctor
jDFgv1,Olivia,Hall,30,nurse
53KzSU,Alice,Brown,68,np
EFJf57,John,Smith,4,doctor
RTs3oO,Jane,Hall,24,nurse
baNyHn,David,Smith,99,doctor
Db4oXm,Sophia,Smith,97,nurse
7KGQHZ,Daniel,Robinson,44,np
OGjlRa,David,Lee,92,doctor
AJit4a,Alice,Clark,2,doctor
i2qo69,Sophia,Clark,85,nurse
1g0kw5,Alice,Brown,3,doctor
3yXngD,David,Robinson,18,np
DF8gOm,Michael,Smith,39,nurse
3owzSy,John,Wright,68,np
cVl3Kx,Daniel,Harris,65,doctor
bipeuy,Alice,Harris,104,nurse
hlVYws,Sophia,Smith,48,doctor
S9uwvz,Olivia,Clark,57,np
f7iLnC,John,Harris,106,doctor
16Qs4J,Emma,Lee,92,doctor
6TdE6e,Sophia,Hall,35,nurse
y3dBzv,Bob,Clark,74,nurse
YH6Uxb,David,Garcia,23,doctor
PlDR6i,Sophia,Robinson,3,np
0XMom8,Michael,Johnson,101,nurse
Jeg9Eu,Michael,Brown,49,doctor
jvTrAU,Emma,Harris,75,np
XnErCH,Daniel,Hall,69,nurse
iGZzC9,Daniel,Brown,113,nurse
F0mtKE,Jane,Johnson,95,nurse
uT4Qwi,Daniel,Clark,29,np
yGJT8L,David,Wright,49,np
0ii5AZ,Michael,Robinson,80,nurse
GA1Ed7,Michael,Lee,83,np
HnvHo1,Sophia,Brown,14,nurse
oYxyVm,Alice,Brown,12,doctor
sS0WmB,Daniel,Brown,84,nurse
eVt4NO,John,Garcia,16,np
lNoxv6,David,Johnson,40,doctor
ECsBbK,John,Harris,78,np
NPuXTB,Alice,Johnson,46,nurse
2TMNkT,Olivia,Hall,70,np
H14Inz,Alice,Harris,109,nurse
cPhpql,Alice,Harris,72,np
z8NLQG,Sophia,Harris,78,np
SMIHmF,Alice,Clark,103,doctor
OxMI6y,Alice,Hall,63,np
4NsnAf,Bob,Lee,73,np
XR8K5n,John,Johnson,52,doctor
BxIHij,John,Hall,10,doctor
cjKBIw,Michael,Garcia,10,np
JWmdgr,Bob,Wright,73,np
mhYExr,Michael,Johnson,15,doctor
OCGL08,Emma,Garcia,18,np
nR0D3g,Daniel,Lee,76,nurse
AW0Vwc,Jane,Smith,7,doctor
F2L1Ng,Alice,Johnson,57,nurse
Ux4Cgb,Bob,Garcia,54,doctor
gXhdCc,Emma,Clark,81,doctor
MinNyJ,Michael,Wright,52,doctor
nJuhTb,Emma,Brown,92,np
Ar7Vjs,Bob,Clark,58,np
EKc2sv,Michael,Robinson,14,nurse
UtE8QO,Emma,Wright,111,doctor
WaJbWZ,David,Johnson,27,doctor
g4hyxU,Alice,Robinson,50,doctor
7hLnHQ,Olivia,Smith,4,doctor
j2uw4L,David,Johnson,53,nurse
xV2iuH,Olivia,Harris,11,np
IbiQNY,Olivia,Harris,92,np
1D01YN,John,Johnson,80,np
BzqDew,Sophia,Wright,106,doctor
Py5k0o,Jane,Hall,51,doctor
LWoi02,Alice,Hall,6,doctor
5xVFfV,Jane,Lee,2,nurse
1IUlR6,Daniel,Clark,40,doctor
PpUdMF,Sophia,Harris,53,doctor
Xks2Ke,Bob,Johnson,74,doctor
uVCQcQ,Emma,Harris,92,np
uarN08,Emma,Robinson,15,nurse
XEKDQV,Sophia,Smith,106,nurse
7TSzpD,David,Clark,96,np
gZo1V7,Michael,Lee,62,doctor
q0eCZx,Bob,Harris,107,doctor
1fpNGe,Olivia,Johnson,37,doctor
evr1AU,Sophia,Johnson,109,nurse
JgD73c,David,Hall,14,np
T8M9ru,Bob,Lee,110,doctor
SFC0Rq,Jane,Smith,4,nurse
lb8Zz9,Sophia,Garcia,5,np
R1Rc8Y,Bob,Smith,43,nurse
nsT57j,John,Wright,29,doctor
WsNksa,Michael,Brown,106,nurse
x26r0c,David,Robinson,41,nurse
ZdM7FO,Jane,Wright,26,np
QWPHty,Jane,Brown,25,nurse
db6vKU,Jane,Clark,9,nurse
Xmlvhw,Sophia,Robinson,45,doctor
kq0yIj,Jane,Wright,70,nurse
pv3kiT,Sophia,Brown,105,nurse
ZLY0g2,Daniel,Johnson,79,nurse
rbYSsK,John,Hall,98,nurse
Ry089c,Bob,Smith,95,np
RWia3d,Jane,Garcia,36,nurse
Jva0f9,Sophia,Smith,107,np
ExyOeD,John,Lee,62,np
0Fu64u,Emma,Garcia,110,np
1QCf4r,Olivia,Brown,64,doctor
26CVgS,Alice,Smith,29,np
RREOCZ,Sophia,Hall,80,doctor
4iIl5r,Bob,Johnson,100,doctor
uOasRL,Michael,Johnson,97,nurse
avQuT2,Daniel,Harris,86,nurse
NwCO5P,Alice,Brown,64,nurse
eEPiYQ,Olivia,Harris,80,doctor
MmB8dp,Alice,Brown,46,nurse
PQNbAY,Daniel,Lee,56,nurse
G3YnfC,Michael,Johnson,62,doctor
Vl3CbK,Michael,Brown,17,nurse
HghuiR,Michael,Wright,94,nurse
Ikv79q,John,Lee,21,nurse
vad8u2,Jane,Harris,81,doctor
6UHRks,Olivia,Hall,2,nurse
aOEa2j,Bob,Harris,100,nurse
3BQyVL,Daniel,Smith,86,nurse
6XyGn5,Sophia,Lee,62,doctor
9MXAoc,Jane,Clark,105,nurse
jxpGiZ,Jane,Harris,3,doctor
qUnYwD,David,Robinson,86,np
qwsHZA,Sophia,Wright,23,doctor
CENR97,Emma,Johnson,2,np
l058yo,Bob,Clark,53,np
w5fDeV,Jane,Johnson,1,doctor
82l1x9,Emma,Garcia,28,nurse
ztI0Ep,Michael,Brown,42,nurse
u3oHoS,John,Robinson,79,nurse
5zw7CR,Alice,Johnson,87,np
ZOWSDf,John,Lee,19,nurse
PgzsLd,Bob,Brown,69,np
WpsS3f,Bob,Robinson,9,doctor
gHJLDc,Michael,Lee,13,nurse
kskaog,Michael,Clark,51,np
i6agGw,Bob,Hall,39,np
1Xw3P6,Alice,Hall,81,doctor
70CIkq,Bob,Hall,71,nurse
koa0go,David,Harris,10,doctor
kxegTR,Alice,Hall,42,np
9mClCh,John,Wright,7,np
KOpoSh,David,Harris,90,doctor
LTpN6k,Olivia,Garcia,59,nurse
Xe7VFN,Sophia,Johnson,55,nurse
Cr0zXM,John,Harris,101,doctor
ILwhFy,Emma,Lee,70,np
OBhYMq,Michael,Clark,78,nurse
j2QSWg,Bob,Garcia,24,nurse
tX0F5P,Daniel,Clark,30,np
XwpCIF,Jane,Clark,43,nurse
q4vT29,Daniel,Garcia,68,np
nBx05q,Jane,Hall,112,doctor
4b6IoU,Alice,Harris,18,nurse
TwAMCq,Jane,Brown,89,doctor
hL8WbB,Emma,Harris,99,np
FTG5E8,Daniel,Smith,73,nurse
Ipi9wU,Emma,Brown,29,doctor
XDgVD9,Emma,Robinson,111,doctor
clAbf8,Daniel,Lee,30,np
82JD1A,Olivia,Brown,99,np
rZEwm4,Emma,Johnson,14,np
kXXNTI,Daniel,Hall,49,doctor
YYd134,Alice,Johnson,21,np
7KZXhL,Sophia,Smith,57,np
6YRUhs,Emma,Lee,53,doctor
SLEg6a,Bob,Garcia,94,nurse
HAmeBy,John,Harris,61,nurse
yDUdHa,Sophia,Brown,34,np
EYBgIg,Olivia,Wright,45,nurse
rxTpW5,John,Johnson,96,doctor
7LVWII,Bob,Garcia,72,doctor
2w6wgc,Jane,Smith,78,nurse
CfkYQs,Michael,Clark,107,doctor
EuPd8x,Michael,Hall,16,doctor
gma6DE,Emma,Lee,102,np
YabbKI,Jane,Robinson,21,np
zATG1E,Olivia,Lee,41,nurse
sq7bQF,Emma,Robinson,6,nurse
zPX3ki,Sophia,Wright,82,doctor
yWzvrJ,David,Johnson,27,nurse
KCan3I,John,Brown,60,doctor
UuXsMH,David,Wright,84,doctor
tcK3ed,John,Hall,103,nurse
5agGum,John,Robinson,60,np
j78BuQ,David,Garcia,25,nurse
AjwzaS,Daniel,Garcia,85,np
Y8M6IT,Daniel,Johnson,62,doctor
qKRNLQ,Olivia,Brown,44,nurse
QthVtP,Olivia,Hall,79,np
il8Nd0,Emma,Garcia,8,nurse
6LVm1z,Sophia,Brown,80,np
WLKAhz,David,Harris,9,np
Xl0Ak6,Emma,Clark,28,np
rntKEE,Olivia,Smith,103,doctor
diAh8K,Jane,Wright,48,doctor
pmnNVU,Olivia,Lee,42,nurse
66WFyz,Emma,Smith,18,doctor
61rJHQ,Sophia,Garcia,65,np
5DsPHh,Bob,Garcia,77,np
qiP2F5,Olivia,Garcia,113,np
381W5j,John,Brown,86,doctor
DUbMtt,John,Brown,29,np
NRucp2,Bob,Harris,58,doctor
716mcV,Alice,Garcia,29,np
MTaHjD,David,Smith,26,np
FskZVc,Daniel,Brown,29,np
tzgQPm,Bob,Smith,74,np
2de69F,David,Johnson,2,nurse
lRFUMI,Michael,Wright,93,nurse
uILB8E,John,Smith,93,doctor
WkMT3D,Michael,Garcia,88,doctor
WQlCnP,Bob,Brown,11,doctor
Cf9Oqu,Sophia,Wright,96,doctor
2W124L,John,Harris,22,nurse
TzS8hL,Michael,Lee,93,nurse
Wbh6pG,Michael,Smith,42,nurse
6j17pK,Daniel,Wright,36,doctor
Pb4G0G,Sophia,Smith,58,nurse
0UMsdM,Daniel,Robinson,29,doctor
OLRgeU,John,Johnson,100,nurse
A9OHOH,David,Brown,20,doctor
I4If4T,Daniel,Wright,35,nurse
2dBq6t,Olivia,Garcia,112,nurse
nyKiNK,Daniel,Wright,49,nurse
vRBKNp,Jane,Wright,86,np
0PhZyW,John,Brown,16,nurse
Hm7Xql,Olivia,Wright,39,np
jnVHS1,Bob,Hall,4,doctor
Pp7Z1K,Olivia,Hall,37,nurse
ppmM23,Alice,Lee,71,doctor
6DOCvF,Jane,Smith,74,doctor
j0XcML,John,Harris,18,doctor
ACjdyL,John,Harris,104,np
Jn1iYA,Sophia,Garcia,44,np
SCvqp8,Olivia,Harris,53,np
nzcfnv,Bob,Lee,78,np
1RM1eU,Emma,Clark,81,np
MEGdC2,Michael,Hall,16,np
BxzEX8,Emma,Garcia,43,doctor
CVWlCs,David,Robinson,80,nurse
dtOCdt,Jane,Clark,77,np
kTgO0k,David,Smith,30,doctor
Qj3WAI,Alice,Johnson,5,np
C17gsE,Olivia,Harris,39,doctor
8mxCib,John,Robinson,50,nurse
1JIreF,Olivia,Clark,45,nurse
UwBFo0,John,Johnson,38,doctor
AWld7E,Sophia,Hall,45,np
nWuRiM,Bob,Hall,38,doctor
wfJWCJ,Emma,Wright,89,doctor
gIFSKo,Bob,Garcia,61,doctor
cP8lrJ,Alice,Smith,79,doctor
3qeEAj,Alice,Hall,4,nurse
sAjgl4,Sophia,Harris,81,nurse
Sss1rl,Jane,Clark,83,doctor
AHria1,John,Lee,32,nurse
4Ymk0V,Bob,Harris,111,np
vPs5IB,Michael,Hall,43,doctor
9Id1vZ,Alice,Clark,58,nurse
prlWZJ,Emma,Harris,110,doctor
GuNZkY,Emma,Johnson,90,np
5YHEyr,Sophia,Wright,15,np
850YIi,Daniel,Robinson,97,nurse
aGLG9M,David,Johnson,61,np
BMW9De,Emma,Harris,39,np
dAsOPk,Bob,Johnson,33,nurse
b3AN2G,David,Smith,12,doctor
PUWxnR,Bob,Clark,38,doctor
7R10I2,Bob,Harris,92,nurse
i8P0E5,David,Hall,100,nurse
nCqeYh,John,Clark,114,doctor
oNTaTA,John,Hall,68,np
118SPu,Sophia,Brown,65,doctor
K0eWBe,Sophia,Brown,105,np
8pU1J6,David,Lee,93,np
bGgjBt,David,Robinson,74,doctor
tJJged,Emma,Lee,99,doctor
PcEjrq,Michael,Robinson,106,nurse
rccYZL,Alice,Harris,102,nurse
zbCCQx,David,Smith,92,doctor
4WeQDf,Emma,Robinson,71,doctor
2oi2fp,Emma,Wright,107,np
AdUL4b,Daniel,Hall,112,nurse
gOyuWG,Jane,Johnson,12,nurse
zYLpua,Emma,Harris,70,nurse
ieJxUo,Daniel,Johnson,60,np
uv9jAl,Jane,Harris,84,doctor
aETgCQ,David,Wright,18,doctor
DkE1zi,John,Hall,70,np
qRySpl,David,Harris,21,np
czS5X7,Michael,Robinson,27,np
kHZbmW,Emma,Clark,73,nurse
iXiL72,Emma,Lee,54,np
AlaoIs,Emma,Robinson,19,nurse
rvUhTR,Michael,Robinson,89,np
kLapvk,Sophia,Hall,101,np
S1qiaZ,David,Clark,110,np
qeQJ3k,Olivia,Hall,20,np
fzKwu6,Daniel,Clark,17,doctor
qpfWg8,Daniel,Clark,87,np
fOfOU5,Jane,Hall,19,doctor
VXk3HY,Jane,Lee,37,doctor
2SfKF0,Daniel,Lee,85,np
fn0SKC,Alice,Lee,80,np
1RHk7V,John,Garcia,98,nurse
gZ6nwA,Bob,Garcia,61,np
FFpV3K,Sophia,Garcia,52,nurse
8wlinH,John,Wright,6,doctor
YtJNeL,David,Wright,37,nurse
ZISk8O,Daniel,Johnson,51,doctor
6wybvk,John,Brown,105,nurse
QOlgrK,Daniel,Robinson,27,doctor
DFYzsW,Bob,Johnson,72,nurse
yv0ZZH,Sophia,Harris,9,np
OJm8BT,Daniel,Clark,38,nurse
ubITxC,Daniel,Clark,93,nurse
rp0Wn0,Sophia,Garcia,71,np
loCqn3,John,Hall,115,np
okoP7y,Sophia,Brown,101,np
HozawY,Michael,Garcia,103,nurse
8ZfJG8,John,Robinson,81,doctor
kIdjmr,Jane,Wright,65,doctor
OvHJhS,Michael,Smith,16,np
HHZ0Bu,John,Brown,2,nurse
OliKgs,Michael,Wright,49,doctor
MzjCCS,Jane,Brown,36,nurse
uj171Z,Michael,Garcia,45,doctor
kR6FzU,Daniel,Lee,77,nurse
LJ27pb,Jane,Harris,68,doctor
EsxHYJ,John,Hall,65,np
zjzqhC,John,Clark,29,nurse
18qbix,Alice,Johnson,94,doctor
blCPDr,Bob,Wright,71,np
r7VSNS,Alice,Hall,91,np
R0RezZ,Alice,Garcia,95,nurse
xdiBH1,Alice,Garcia,5,nurse
iDJS3D,Bob,Garcia,97,np
KVnztB,Michael,Johnson,88,doctor
DOBBc8,Olivia,Smith,68,np
ckydHq,Sophia,Hall,59,np
ud9wsJ,John,Brown,59,nurse
A1PyR7,David,Robinson,3,nurse
ft31oK,Emma,Lee,39,nurse
AfZXdZ,Jane,Garcia,9,doctor
yZqreM,Bob,Lee,72,nurse
JBlzk5,Sophia,Garcia,64,doctor
vix6n7,David,Smith,42,np
YWRhxu,John,Brown,38,doctor
RoKynS,Olivia,Wright,48,doctor
5XQudl,Olivia,Smith,33,nurse
QTPzhj,Daniel,Clark,18,doctor
qXOZCV,Bob,Smith,38,doctor
pGnQDn,Olivia,Lee,9,np
NB6QXj,Emma,Lee,24,doctor
7dXViS,Emma,Robinson,66,doctor
REGa1d,Jane,Lee,104,nurse
ifxbe0,David,Harris,13,doctor
25E2ao,Olivia,Wright,38,nurse
HBwyCj,Jane,Clark,79,np
mBv35h,Alice,Hall,45,nurse
xBfiPd,David,Harris,10,doctor
PFJpD4,John,Garcia,45,np
5e7nUA,Daniel,Brown,57,doctor
rKYnmj,John,Brown,90,np
ZaqmmQ,Olivia,Harris,3,doctor
ohcoFG,Michael,Robinson,99,np
tA4Wad,Daniel,Harris,52,nurse
dBszGG,Daniel,Smith,70,doctor
CEzjA4,John,Robinson,80,np
cva5Xs,Emma,Robinson,108,nurse
Fqg7W1,David,Robinson,24,nurse
tJORSr,Daniel,Garcia,21,nurse
bxcidJ,Jane,Harris,31,np
ErivX1,Jane,Lee,30,nurse
PUO2sv,Alice,Smith,19,np
tDucnk,Michael,Harris,92,doctor
drGFZ7,Alice,Robinson,111,doctor
HPf24o,Jane,Garcia,30,doctor
rwwbVY,Michael,Brown,87,np
OoouZ9,Daniel,Brown,108,doctor
ySBqq4,Olivia,Clark,34,doctor
DdV0XE,Jane,Harris,30,nurse
808HUw,Olivia,Wright,112,np
N3UDDe,Olivia,Robinson,1,nurse
krpGLr,Jane,Robinson,77,nurse
OmqPw2,Olivia,Robinson,110,np
tgvnlc,Michael,Clark,43,np
dkzCAd,John,Smith,42,doctor
4ba3hn,David,Robinson,32,doctor
M4tv5F,Michael,Wright,76,np
VFek6E,Alice,Harris,22,doctor
FgSDdJ,Emma,Brown,111,doctor
KlqVcR,Emma,Hall,61,np
jWIndM,Emma,Clark,51,nurse
BpFErc,Sophia,Lee,33,doctor
9pvNTC,Sophia,Clark,89,nurse
2pePFe,John,Smith,21,doctor
ONTPu4,Daniel,Brown,102,doctor
1LEk8s,John,Wright,76,np
STnHpI,Emma,Clark,90,doctor
hZ6DsR,John,Hall,49,np
Dn52dt,Jane,Brown,6,nurse
QYRugo,Emma,Lee,3,nurse
jeK3D8,David,Wright,97,np
ZUYco4,John,Smith,58,np
nmtMym,Michael,Robinson,45,nurse
E8TNoT,David,Garcia,83,nurse
qSe0gp,Daniel,Brown,69,nurse
Y2a8eA,Daniel,Clark,33,doctor
GoZ64B,Daniel,Hall,78,nurse
3pxAb3,John,Brown,30,nurse
KTzzbQ,Jane,Lee,92,np
35gAR9,Alice,Johnson,95,nurse
ogvpYw,Jane,Clark,44,np
LgiWxf,Jane,Harris,81,nurse
PDEJIT,Jane,Brown,48,np
qYWzbi,John,Clark,27,nurse
OU8WF0,Sophia,Garcia,95,nurse
pXMJnM,Sophia,Garcia,59,nurse
oFq0wO,Olivia,Hall,115,doctor
fYrHcW,Michael,Clark,38,nurse
fSwdxW,Sophia,Robinson,75,np
i6rL8a,Emma,Wright,17,doctor
CvRIBd,Michael,Clark,27,np
aDDIS9,Daniel,Harris,29,nurse
jN5Gfl,Michael,Clark,67,np
iGqhIn,Sophia,Lee,51,doctor
ZpjKjr,Sophia,Clark,83,np
HsNRVx,Olivia,Robinson,46,doctor
ra1059,Alice,Garcia,113,doctor
SWqatM,Daniel,Garcia,103,doctor
Jq8De0,David,Brown,109,nurse
XreM8i,Michael,Hall,55,nurse
hlqe7X,Olivia,Lee,94,np
v0KAUH,Daniel,Harris,8,np
M2mvm3,Jane,Robinson,66,np
ob4fx4,John,Robinson,38,nurse
6a8K68,John,Lee,4,doctor
AXLtgr,Daniel,Harris,18,np
t6F7hK,Bob,Lee,34,np
M8OEWT,Bob,Harris,59,doctor
mk6ghg,Alice,Garcia,90,doctor
Kzcw7j,Jane,Robinson,91,np
RXzZqx,Daniel,Smith,75,doctor
OrxCGw,Daniel,Harris,88,np
lLh69L,Alice,Brown,47,nurse
6YDKti,Michael,Brown,66,doctor
Z8aOmb,David,Brown,18,nurse
L9VrCP,Alice,Johnson,32,nurse
sZVkB2,Olivia,Clark,4,np
8CRnJ7,Daniel,Johnson,113,np
EZtinh,Sophia,Clark,85,doctor
kFd6TW,Daniel,Harris,63,nurse
w57wtd,Olivia,Lee,82,nurse
6Ibs3J,Michael,Clark,88,doctor
qZgLu4,Bob,Garcia,70,np
l8IckC,David,Wright,52,doctor
9xAaQ7,Bob,Garcia,56,doctor
fCpTcf,Alice,Smith,60,np
itlXNm,Michael,Lee,45,nurse
aoxbrW,Jane,Johnson,105,nurse
Vs9PQg,John,Wright,88,doctor
zXZoxu,Michael,Hall,66,doctor
cILB0N,Sophia,Lee,90,np
JavNE1,Daniel,Clark,2,nurse
4FfEDV,David,Lee,24,doctor
0XLaP4,Daniel,Johnson,97,np
r7G0IV,Bob,Johnson,8,doctor
4XUnmt,Bob,Lee,32,doctor
jQTV5o,John,Lee,5,nurse
IA2HU1,Alice,Lee,76,np
tZXIRQ,Daniel,Garcia,69,np
89FS66,Jane,Garcia,3,doctor
AxVsyR,Sophia,Johnson,91,doctor
wNuaJc,Emma,Clark,108,nurse
NlSJjK,Emma,Johnson,37,np
lmlgJV,Alice,Johnson,21,doctor
42VVl0,Bob,Lee,69,nurse
zkDnAX,Daniel,Johnson,33,nurse
Ano1PM,Emma,Hall,67,doctor
vaRdqa,Sophia,Lee,95,np
DObMCY,Sophia,Robinson,76,nurse
t0f8BJ,Alice,Lee,112,nurse
rkxrK1,Sophia,Hall,71,np
pDMm3N,Jane,Brown,53,doctor
gtsbI3,Alice,Smith,87,np
kRyJxn,Daniel,Johnson,15,np
JIfdyA,Olivia,Brown,14,nurse
sVuG78,Daniel,Wright,94,np
3DFYaF,Michael,Harris,79,nurse
C9Sx5V,Bob,Hall,6,nurse
PNkCMs,Jane,Wright,13,nurse
cC8Pn7,Olivia,Wright,99,np
GKYi4E,Michael,Johnson,53,np
oiUBhS,Olivia,Wright,65,np
g4URCO,Emma,Brown,77,doctor
0mi2Ac,Daniel,Robinson,54,doctor
aNUO8b,John,Wright,63,nurse
BOGLaL,Alice,Hall,98,doctor
BWb7fw,Olivia,Hall,72,nurse
CeEE9u,Jane,Clark,82,np
bh9HpM,Alice,Clark,31,np
pd4p5I,Alice,Lee,31,np
BesclC,Olivia,Harris,103,np
bKjVsE,Alice,Johnson,105,doctor
jXKbOZ,Daniel,Robinson,4,doctor
Igke44,Emma,Smith,22,doctor
0Y3qtR,Michael,Brown,7,doctor
OJJSsL,David,Clark,34,nurse
dDvlnx,Jane,Johnson,94,np
aR74RK,David,Harris,16,doctor
kK9skl,John,Robinson,64,np
edQQXr,Sophia,Garcia,2,np
0IOpbs,Emma,Brown,112,nurse
1e1Luc,Jane,Brown,1,nurse
HPOKEh,Emma,Brown,115,doctor
wfE6xz,Emma,Garcia,27,nurse
rDbBdO,Jane,Smith,26,np
UIX9nf,Emma,Clark,33,doctor
tAOM35,Bob,Smith,44,doctor
ck4tpb,Michael,Hall,114,nurse
P7xxEy,Sophia,Garcia,104,doctor
1xuIJI,Bob,Garcia,104,doctor
qcI6Nj,Alice,Wright,109,doctor
O2IOqT,Bob,Harris,46,doctor
vbApN3,John,Johnson,52,nurse
8yeBOu,John,Garcia,73,np
cGLPRR,Sophia,Brown,72,nurse
STLHAp,Sophia,Clark,110,np
zTmyFp,Alice,Robinson,42,nurse
PdWIfA,Jane,Robinson,50,doctor
tKf5ex,John,Clark,79,doctor
z5KA1w,David,Lee,108,doctor
j1uQmq,Alice,Brown,51,nurse
qruCUw,Emma,Wright,74,nurse
WXxCTu,Daniel,Smith,58,nurse
p6Y8yp,Michael,Wright,95,nurse
br6Lll,Emma,Brown,113,nurse
Xuk1HK,Daniel,Harris,37,doctor
Am3XLv,Michael,Johnson,92,nurse
TRh8XR,Daniel,Robinson,69,nurse
OG3vVD,John,Johnson,42,np
g5TkDp,Olivia,Smith,48,nurse
vjKARB,Sophia,Johnson,88,np
QM8RzY,Alice,Hall,34,doctor
EvoEZk,John,Clark,19,np
weeAPn,Jane,Harris,17,nurse
BLMvqU,Daniel,Hall,95,doctor
3ocmhr,Jane,Smith,73,nurse
OSIBTr,Olivia,Lee,86,doctor
93xSHu,Daniel,Hall,51,doctor
QEhmyX,Jane,Robinson,3,np
1jULeO,Sophia,Brown,73,nurse
bRcvpY,Sophia,Harris,70,nurse
yhzElm,Daniel,Garcia,58,doctor
duGsVB,Olivia,Clark,106,np
spF01n,Sophia,Wright,104,nurse
IntIDC,Bob,Lee,70,doctor
oq81CT,Alice,Wright,60,doctor
cTJ43N,John,Lee,101,nurse
vxfce0,Emma,Clark,45,nurse
ruq1Jd,Daniel,Robinson,80,nurse
pchJfr,Sophia,Johnson,85,np
xJ4waj,Jane,Smith,41,doctor
Y8S0yz,Michael,Johnson,17,nurse
xApkOK,Olivia,Robinson,70,nurse
OxVsH8,Alice,Garcia,8,nurse
dRK89J,Bob,Wright,24,nurse
BaDJne,David,Robinson,93,doctor
haZBe8,Olivia,Robinson,32,nurse
8aKnLa,Daniel,Smith,26,np
59W0CH,Michael,Garcia,58,doctor
3AOeyd,David,Harris,97,nurse
DPBUgd,Jane,Johnson,4,doctor
k5kp8x,John,Smith,108,nurse
iML0Av,Jane,Brown,8,doctor
GUY75M,Daniel,Smith,29,doctor
i27qy0,John,Robinson,95,np
cK5bTy,Jane,Hall,94,nurse
yDHfTU,Emma,Smith,114,doctor
Tk0BxY,Jane,Garcia,31,doctor
YO5vE6,Jane,Johnson,37,np
r5Izz6,David,Garcia,78,nurse
1oDyNJ,John,Harris,24,np
UjAwEE,John,Clark,112,doctor
1JcJK3,Olivia,Harris,65,doctor
nHiFRi,David,Garcia,78,nurse
ahlAO1,Jane,Johnson,55,doctor
kPK9hQ,Alice,Garcia,30,doctor
t8tyj0,Emma,Robinson,57,np
H4xbxT,David,Robinson,20,doctor
Twbgut,John,Garcia,6,np
tJgD7t,John,Brown,92,np
EkIDsP,Bob,Smith,105,doctor
5n3tkI,Daniel,Brown,4,np
tro0fr,Michael,Robinson,45,np
4s1KTL,Sophia,Robinson,38,doctor
fZnLFG,Olivia,Robinson,84,nurse
yl8grN,Jane,Robinson,24,doctor
mhFJZz,Alice,Garcia,98,nurse
jd9DNE,Alice,Hall,77,np
mxzNSU,Alice,Smith,29,nurse
1NABtE,Michael,Lee,36,nurse
sCwi6L,John,Lee,34,doctor
pube60,Sophia,Clark,98,doctor
0jwz31,Michael,Smith,56,np
4gB2JW,Bob,Harris,115,doctor
mlFKpQ,Daniel,Hall,22,nurse
uu36mR,John,Brown,28,nurse
fEyW7X,Olivia,Harris,97,doctor
NJAFLF,David,Harris,45,np
nmlZG5,John,Wright,52,nurse
K4hv4M,Olivia,Brown,87,doctor
zVXPX0,Alice,Clark,109,np
z1V7sI,Alice,Garcia,92,doctor
2DO1MU,David,Robinson,84,doctor
WbDo8N,Sophia,Brown,108,doctor
wQOAnG,Olivia,Clark,40,np
750X0y,Bob,Smith,58,np
IpxKFH,Michael,Robinson,8,doctor
rCUyPt,Daniel,Robinson,72,np
XVG5UJ,Olivia,Hall,40,np
1auwUb,Bob,Lee,57,doctor
Z1Thqj,Bob,Wright,25,np
g3kgax,Emma,Wright,45,np
0ESVix,Michael,Hall,111,doctor
HyEUKv,Michael,Wright,67,np
1QK8uZ,Michael,Harris,63,np
bglt3k,Sophia,Smith,72,np
nrL3yD,Daniel,Lee,59,nurse
mZYEpd,David,Smith,107,np
nojCuW,Emma,Hall,93,np
iME8kl,David,Robinson,63,nurse
HvUZIT,Emma,Hall,26,np
rDw0wS,David,Garcia,5,np
oN2BO9,John,Harris,63,np
6bXHwq,Olivia,Lee,59,nurse
fJ6OKE,Jane,Brown,50,doctor
qprTV3,Emma,Harris,90,doctor
r9gwK5,Emma,Brown,10,np
WytCFn,David,Wright,108,nurse
YEJ8OY,Bob,Brown,45,nurse
J8yqdq,Bob,Robinson,61,np
1WSRGn,Olivia,Harris,41,doctor
CHdxOm,John,Lee,7,np
qWB6un,Daniel,Lee,44,np
YrTmmc,John,Robinson,88,np
7zMp5W,Emma,Harris,108,np
2f4Lu3,Jane,Brown,106,doctor
NsZgQS,Emma,Lee,74,np
gTLINv,Olivia,Robinson,87,nurse
1p8nUO,John,Garcia,17,nurse
5kpvLs,Daniel,Clark,50,np
8u35ED,Olivia,Lee,101,nurse
3aAvTJ,Emma,Garcia,31,nurse
QjJyDw,Alice,Johnson,32,np
E81sud,Olivia,Clark,105,np
1Gy0h2,Alice,Hall,28,doctor
vr8L0N,Olivia,Hall,62,doctor
VvTygH,David,Johnson,9,doctor
gOyb5n,Sophia,Robinson,91,doctor
z9JUpH,Michael,Smith,99,np
RAORU1,Olivia,Garcia,9,nurse
AByH0K,David,Wright,39,nurse
w9Julc,Olivia,Lee,81,np
v7Yej1,Olivia,Smith,53,doctor
OI9g9C,Bob,Brown,82,doctor
xw0RT2,Daniel,Robinson,76,doctor
MW4eUT,Alice,Clark,20,np
Eg2eLc,Jane,Lee,100,np
OyuJaC,Emma,Harris,109,doctor
PhuAhf,Alice,Wright,108,nurse
Z9dCZf,John,Smith,54,nurse
Hh8bGJ,Michael,Johnson,78,np
r0PZlK,Daniel,Robinson,30,np
pwW2hT,Daniel,Harris,6,doctor
l2eMh1,Alice,Robinson,66,np
FjfKsO,Emma,Harris,10,np
nTip4o,Alice,Hall,68,nurse
zQ3g3G,Bob,Lee,98,nurse
1qHWMR,David,Lee,56,np
X2TdWQ,Jane,Wright,62,nurse
puN2v0,Jane,Wright,25,doctor
XYZyIE,David,Garcia,71,np
7VhAxq,Emma,Smith,32,doctor
cUbeSV,Daniel,Lee,85,nurse
tqbKAZ,Olivia,Johnson,24,np
rGhsmd,John,Brown,66,np
nYCvck,Bob,Johnson,77,nurse
WyRtew,Michael,Wright,34,nurse
Ng5nkw,Olivia,Lee,114,nurse
GwJAuY,Olivia,Wright,115,doctor
X0aKGl,John,Hall,55,np
62Tpwk,Daniel,Brown,28,doctor
UcSAJJ,Olivia,Wright,60,doctor
ot8NHT,Sophia,Robinson,62,np
cvufkx,Daniel,Clark,28,nurse
4k0vvT,Olivia,Hall,72,nurse
gWSV37,Daniel,Robinson,46,np
D31dDo,David,Johnson,96,np
NBWNt4,Daniel,Robinson,3,np
pPa3J0,David,Lee,31,np
RCWol9,Sophia,Robinson,28,nurse
A1TjQq,Daniel,Brown,44,nurse
NBjSZv,Michael,Clark,28,np
O1BcJp,Michael,Hall,47,nurse
6P80OL,Alice,Garcia,97,doctor
nvzn7f,Alice,Harris,37,nurse
3INRD9,Alice,Garcia,45,doctor
fCCRqf,Emma,Harris,105,doctor
fRfhaW,Olivia,Robinson,24,np
VXgqHf,John,Hall,10,nurse
adcbJF,John,Clark,47,doctor
NT65r0,Alice,Brown,63,nurse
2qMg5X,Sophia,Garcia,87,nurse
SHgbnM,David,Wright,43,np
Hv8EaG,Jane,Hall,105,nurse
N8tESt,Jane,Garcia,52,doctor
MdxcjV,Sophia,Wright,91,np
gU3aUs,Bob,Robinson,13,doctor
fklyOP,John,Harris,49,np
DjT6Q1,David,Lee,17,nurse
OgDKaO,Michael,Brown,97,np
Iy7yUV,David,Hall,115,np
Fo3tBP,Alice,Johnson,107,np
yqPiWq,Emma,Robinson,23,doctor
MGI4un,Bob,Brown,68,nurse
SR8OkC,Sophia,Hall,60,np
qzW7Jv,David,Clark,97,nurse
ujmEXs,Michael,Lee,65,doctor
OcFr1P,Sophia,Lee,27,nurse
CxwUVd,David,Hall,98,nurse
Sokztb,Alice,Harris,4,np
VzXjW3,Alice,Clark,19,nurse
JpXPQT,Alice,Brown,6,np
E1ACoB,John,Hall,91,doctor
a68bW9,Sophia,Clark,44,np
c2ulze,David,Harris,39,nurse
W6TFz5,Jane,Wright,61,np
WZ53uP,Olivia,Garcia,56,nurse
OKKe2s,Emma,Robinson,65,nurse
lvk5gX,Michael,Garcia,6,nurse
OvmUdf,Olivia,Garcia,97,nurse
HODvB2,Olivia,Hall,30,nurse
2y8IqG,Bob,Johnson,23,nurse
TslaIS,Emma,Brown,9,np
5whUb6,Alice,Brown,113,doctor
vt8N9b,Michael,Robinson,77,doctor
IKf1Z1,John,Lee,24,np
VmsPMa,David,Robinson,81,doctor
hmtmdD,Emma,Robinson,34,doctor
eKAnrW,Emma,Lee,105,np
5x4sPn,Alice,Johnson,40,nurse
jileyi,David,Garcia,44,doctor
eeTYmE,Olivia,Clark,11,doctor
KlyzLP,Daniel,Clark,48,doctor
RFQfLK,Olivia,Hall,3,nurse
Gcp8Ma,David,Smith,94,doctor
OUvbL7,Sophia,Johnson,91,nurse
72k1Rf,Olivia,Brown,84,nurse
Jg1l3N,Jane,Garcia,32,nurse
tuQTJp,David,Garcia,97,doctor
WCicI1,David,Smith,100,np
HJ29DO,Olivia,Brown,96,np
MFz9Ci,Daniel,Brown,84,doctor
MZdIHn,Sophia,Robinson,59,np
GaHgEM,Bob,Brown,83,doctor
m5llCz,Bob,Lee,61,nurse
j5MrC8,Bob,Brown,86,doctor
a3De9u,Michael,Clark,98,np
e3P2EY,Bob,Harris,80,nurse
IFk9ag,Daniel,Hall,69,np
Blkm4V,Olivia,Wright,53,np
iOqXEl,Sophia,Harris,19,doctor
Ap4dSO,Emma,Brown,96,np
Sz1gna,Alice,Johnson,83,nurse
zdmLaX,Bob,Garcia,114,doctor
9XZ7AO,David,Smith,73,nurse
iZ99u1,John,Lee,29,doctor
ncMx0J,Jane,Clark,91,nurse
vOKsrP,Sophia,Brown,110,np
j06cLV,Jane,Brown,45,nurse
Rj5BNe,Sophia,Harris,66,np
euMDHd,Sophia,Garcia,76,nurse
8yiGud,Bob,Garcia,52,doctor
mPKBqS,Alice,Johnson,101,doctor
jAzeUd,Daniel,Robinson,48,doctor
ZD4lAi,David,Brown,65,nurse
2jZQCN,David,Harris,4,np
URJ821,Emma,Smith,7,doctor
rEHs2T,Michael,Lee,100,np
bs3JnY,Alice,Wright,50,np
JTZ4QN,Bob,Smith,112,nurse
fmei6B,Bob,Garcia,55,doctor
5GSb2C,Jane,Lee,39,doctor
lqaETf,Emma,Garcia,66,nurse
MNuz9F,John,Lee,32,doctor
kFuV0v,Daniel,Robinson,63,doctor
WLZm6T,Jane,Lee,94,np
4A5zd9,Michael,Lee,44,doctor
7ucj39,Emma,Johnson,103,nurse
jNGVAF,John,Hall,2,doctor
EOXh1U,Jane,Brown,27,doctor
ZHoD1e,David,Brown,76,doctor
y9nZFd,Emma,Wright,69,doctor
XICTLn,Alice,Wright,67,np
1cCe44,John,Harris,15,nurse
0rxDwc,Daniel,Smith,63,doctor
5z7ata,Jane,Lee,19,nurse
hPLJHf,David,Hall,10,nurse
4zaX1z,Alice,Hall,2,np
xODVcj,Olivia,Johnson,33,doctor
gcdy13,Sophia,Wright,78,np
RKkT4V,Emma,Brown,42,np
cZi55m,David,Hall,29,doctor
wl7hle,Michael,Clark,6,np
oj1tIH,Emma,Robinson,7,nurse
hRadKP,Sophia,Lee,94,nurse
w6OyBQ,John,Johnson,74,nurse
DizJzf,Daniel,Harris,100,np
yq7DnS,Daniel,Lee,113,doctor
0GgGmI,Michael,Garcia,77,np
2czcm6,Michael,Clark,86,doctor
jjsjML,Jane,Wright,13,doctor
XkvbfC,Alice,Johnson,34,nurse
SOXKCv,John,Brown,90,np
KcOMsW,John,Brown,51,nurse
Kz6BwD,Daniel,Robinson,14,doctor
tiuw4Y,Daniel,Smith,40,doctor
EL9EB6,Bob,Brown,85,np
DSJK6S,Olivia,Smith,7,nurse
goGFO0,Bob,Smith,24,np
x28TRw,John,Johnson,17,np
ysBNXm,Sophia,Robinson,54,nurse
MPJCyX,Bob,Robinson,61,doctor
n5c6cJ,Olivia,Hall,75,np
K3Co1L,Emma,Robinson,80,doctor
kECecC,Michael,Smith,4,doctor
2tzfyW,Daniel,Hall,55,nurse
V8o0HJ,Jane,Harris,112,doctor
HH4RSn,John,Johnson,15,np
WACNyD,Bob,Clark,67,np
0G4OQ5,Jane,Garcia,7,doctor
0XyaXH,David,Brown,107,nurse
7lep8m,Emma,Lee,65,np
MBA4PW,Olivia,Wright,75,np
n8JU70,Alice,Robinson,39,doctor
t1Nx91,Alice,Garcia,14,np
q9VqjZ,Bob,Clark,115,doctor
IeEDdn,Michael,Clark,35,np
Pb2M4h,Olivia,Johnson,41,doctor
iu491k,John,Clark,107,np
qOhWUL,Michael,Garcia,114,nurse
qfHerF,Daniel,Johnson,81,nurse
GHCjwb,John,Harris,29,nurse
nHLE4g,Jane,Lee,59,doctor
zSSZGM,Daniel,Lee,93,doctor
w5KIl9,Olivia,Garcia,12,np
0BtuBI,John,Robinson,3,np
N5vtSq,Daniel,Smith,97,nurse
7XFQ2p,Jane,Brown,50,doctor
6MBGAE,Sophia,Smith,81,nurse
I12iin,Jane,Clark,108,np
DrBApB,Olivia,Brown,48,nurse
8vc67n,Daniel,Robinson,56,np
KM1Kyh,Jane,Smith,97,np
vfcz5O,Emma,Clark,111,nurse
FxAG9H,Jane,Robinson,101,doctor
xzYXu7,John,Hall,16,doctor
0Nqjjh,Michael,Lee,14,doctor
klXmwW,Olivia,Lee,104,nurse
0FVfi1,Alice,Wright,102,doctor
7IVOJS,Bob,Garcia,98,doctor
fqrvU8,Alice,Harris,102,np
utTk6Q,Michael,Lee,108,doctor
H5xgyh,Sophia,Hall,55,nurse
9HRuRf,Michael,Smith,79,nurse
ItfjwI,Olivia,Hall,25,doctor
pWMiGs,Alice,Harris,90,np
vGIQFb,Daniel,Lee,17,doctor
euFoVA,Sophia,Harris,79,nurse
aIDr99,Olivia,Garcia,103,np
wGnxzT,Daniel,Harris,29,np
NkCRiz,Alice,Hall,99,nurse
2I8iu7,Emma,Smith,87,nurse
V5xekA,Olivia,Johnson,70,nurse
atG4lY,Michael,Garcia,24,doctor
DfE10m,Daniel,Clark,51,doctor
vncRxQ,Bob,Lee,28,np
9XLNFW,Jane,Hall,37,nurse
jgtNxT,Jane,Johnson,62,np
2UPmv9,Jane,Lee,88,np
ce2dJg,Emma,Clark,104,doctor
m3iUw4,Olivia,Lee,28,doctor
4fCrb3,David,Smith,26,nurse
pYJd9c,Daniel,Smith,91,doctor
vqP1rK,David,Smith,102,nurse
xtquHs,Sophia,Brown,32,doctor
OdkuZl,Alice,Smith,99,nurse
Fwj1Tw,Alice,Harris,50,doctor
7jK7PT,Bob,Brown,20,np
tXgPs3,Bob,Lee,79,nurse
8TFqI3,John,Johnson,87,doctor
qOKVPC,Daniel,Brown,50,doctor
fR0KuX,Daniel,Lee,49,np
u0JbZN,Daniel,Harris,109,nurse
dyAbWo,John,Garcia,63,nurse
tXn9iJ,Sophia,Robinson,19,nurse
RmKWPT,John,Johnson,22,nurse
g9pn9j,Jane,Harris,67,doctor
KzUf40,Michael,Johnson,23,nurse
0YajJs,Michael,Johnson,55,nurse
4vlbQI,Jane,Johnson,102,doctor
Wn7N9p,John,Lee,10,np
RqSmCO,Daniel,Lee,20,np
zMTxHs,David,Robinson,52,nurse
sS5GbB,David,Garcia,87,doctor
SIlYW8,Sophia,Johnson,13,doctor
tprlYd,David,Garcia,86,nurse
9AJng4,Michael,Brown,48,doctor
8ydWAb,Olivia,Brown,55,nurse
cZurJa,Emma,Harris,83,nurse
duhjE7,David,Brown,26,doctor
6vAsVe,David,Johnson,24,nurse
q6X0Pq,John,Robinson,18,doctor
YlKzla,Bob,Hall,36,doctor
c3MpbM,Jane,Wright,24,nurse
eHSwyG,Olivia,Brown,82,np
aduBMv,David,Robinson,83,nurse
XWLfNp,Daniel,Lee,32,nurse
7OQ6Qp,David,Harris,23,doctor
UgOUgF,Jane,Smith,15,np
6gYZiC,Daniel,Brown,73,nurse
m9MDMC,Alice,Johnson,31,np
pnz0jW,Emma,Smith,87,nurse
SlxwNZ,Emma,Robinson,105,doctor
Br51Sh,Jane,Clark,83,nurse
sorN4j,Michael,Clark,11,np
fSwQbm,Michael,Smith,105,doctor
p4IsC4,David,Wright,90,doctor
ASgzjP,Emma,Hall,76,nurse
H4qbNz,Michael,Smith,105,np
sEoPDh,Sophia,Johnson,46,nurse
sIkyav,Sophia,Wright,94,np
yP1uPi,Alice,Brown,14,nurse
I0JWCI,Bob,Clark,64,doctor
9r2pzD,John,Brown,40,nurse
6kK0ey,Sophia,Wright,1,nurse
OFs7AM,David,Lee,110,doctor
A0zgtv,David,Harris,93,np
qECPKD,Jane,Harris,25,doctor
dGA4jk,Alice,Brown,58,np
E5WcR8,John,Garcia,63,doctor
x43lqo,Bob,Clark,65,doctor
XEIgrx,David,Robinson,59,np
Re0h8X,Olivia,Lee,59,doctor
ByhEDk,Sophia,Clark,80,nurse
oKLBx1,Sophia,Garcia,84,doctor
PYUCaa,David,Johnson,39,doctor
AyvaR2,Michael,Garcia,14,doctor
SreQ9v,Emma,Clark,55,nurse
WGeX0V,Daniel,Wright,110,nurse
KMF2QL,Bob,Garcia,101,nurse
t9jkwR,John,Garcia,67,np
2VxUeS,Jane,Harris,104,doctor
uFLuRK,Emma,Wright,114,doctor
zkHxAu,Sophia,Lee,61,nurse
dVOiGD,David,Clark,65,np
Ss0wml,Michael,Smith,21,np
DJc4mA,Daniel,Clark,95,np
iJT0xv,David,Lee,43,doctor
ihPLa4,Daniel,Hall,84,np
qZ7zkX,Emma,Hall,54,doctor
RSH8aa,Michael,Robinson,10,doctor
emXUb1,Alice,Garcia,40,nurse
64ilzG,Alice,Smith,82,doctor
f6Ut85,Sophia,Clark,34,nurse
8Gqcda,Alice,Johnson,91,np
BlOaD0,Sophia,Lee,67,doctor
s83YtE,David,Brown,90,np
XIjg9C,Daniel,Robinson,67,doctor
wxKsuC,Bob,Hall,93,nurse
EwimAe,Jane,Clark,10,nurse
moyHk9,Alice,Hall,2,np
LYHwQL,Olivia,Smith,47,doctor
JI4qDe,Alice,Lee,64,np
irIXNA,John,Johnson,73,nurse
YTdruY,John,Harris,5,doctor
7JnKQc,Olivia,Johnson,78,nurse
yglxCp,Bob,Robinson,71,doctor
hWTcoQ,Michael,Robinson,86,doctor
v8ECbq,Alice,Harris,11,nurse
K2EYdv,David,Brown,22,doctor
WcWLEP,Michael,Smith,44,nurse
s0wi3F,Bob,Harris,55,np
ZBlsQw,John,Smith,74,nurse
bQ84am,Alice,Brown,50,doctor
vSC99U,Alice,Brown,101,np
AckLOo,Daniel,Lee,29,nurse
jrA2CA,Alice,Clark,97,np
iNU4Az,Jane,Garcia,3,doctor
bZEpHC,Jane,Harris,18,np
en6n1m,Sophia,Robinson,9,np
50etDA,Daniel,Lee,80,doctor
gAdQkW,Michael,Wright,94,nurse
BGIabx,Jane,Smith,100,doctor
VgRIfX,David,Hall,113,doctor
gCHHDt,Michael,Robinson,36,nurse
33QFt7,Emma,Hall,9,doctor
0e2TpM,Daniel,Wright,21,doctor
aY4nhq,Michael,Wright,49,doctor
Jt1SVI,Bob,Smith,91,np
Xqrxxj,Jane,Brown,3,nurse
LNq26u,Emma,Brown,33,doctor
r3bTF4,Jane,Robinson,21,np
oQ4ZsE,Michael,Clark,81,np
vMp8MQ,Jane,Lee,75,doctor
ofIleA,Daniel,Wright,106,doctor
zEcjdf,Emma,Lee,96,np
TolhG8,Emma,Harris,66,doctor
gd7oYt,Daniel,Robinson,19,doctor
aTz9AL,John,Clark,16,np
xegvXf,Michael,Garcia,61,doctor
YGe4B7,Olivia,Smith,81,np
kZLS1X,Michael,Smith,54,doctor
DyU3rN,Olivia,Clark,44,np
ZQR27r,David,Harris,96,np
WMHaPw,Alice,Garcia,4,nurse
nzxwJp,John,Lee,72,nurse
sXlV51,David,Garcia,101,nurse
yWTtea,Jane,Garcia,41,doctor
kAZcvU,Emma,Harris,80,doctor
8CspWX,David,Harris,77,nurse
pCZJ75,Michael,Smith,66,np
sRo9qK,Daniel,Hall,51,np
JSA3sJ,Daniel,Lee,82,nurse
3RvG7L,Alice,Harris,5,nurse
1YHHmK,Olivia,Wright,93,np
GNIUcc,David,Hall,39,nurse
rS3bye,Alice,Clark,75,np
Sdkwq1,Daniel,Robinson,19,nurse
vuCLGS,Emma,Clark,5,doctor
DavgVA,Sophia,Hall,71,np
UKXHO1,Jane,Garcia,11,doctor
syKhVb,David,Johnson,107,np
cCncXi,Alice,Harris,76,np
UbSHqo,David,Wright,27,doctor
20kcxC,Daniel,Hall,66,np
Ld3TPS,Michael,Harris,57,nurse
t3IVEK,Alice,Harris,78,doctor
gA06Uf,Olivia,Robinson,97,nurse
xRpYdr,Michael,Lee,88,np
xov3c2,John,Hall,56,nurse
21ewU4,Emma,Brown,2,nurse
N5JznO,David,Robinson,2,np
pjVRxY,Alice,Hall,50,doctor
JNwsHQ,Olivia,Smith,21,doctor
DcXhCL,Jane,Wright,115,doctor
cYuGFY,Daniel,Hall,24,nurse
v8ZOas,Emma,Wright,46,np
7h3ETY,Alice,Clark,101,np
vTfvhs,Alice,Garcia,6,np
WBdN5D,Jane,Robinson,100,nurse
SLOuWn,Daniel,Johnson,27,nurse
itjUBm,Sophia,Hall,3,nurse
NLROf4,Bob,Harris,50,np
HY1st0,John,Lee,2,np
sIb8Vg,David,Clark,85,doctor
mW1Myt,Michael,Garcia,97,nurse
EaFvid,Jane,Clark,28,np
zfSzTj,Jane,Wright,2,doctor
IzvZub,David,Hall,27,nurse
4Q7Z9h,David,Hall,86,nurse
EpO2PU,Bob,Brown,2,doctor
8WH4YX,Sophia,Robinson,52,doctor
R313Jt,Sophia,Robinson,70,np
TFgUln,Alice,Harris,111,doctor
jXGnEI,Alice,Hall,40,nurse
G65fKY,Alice,Lee,18,nurse
0ZtI1l,Olivia,Wright,108,doctor
0ZkzbY,Bob,Lee,104,doctor
zazKff,John,Smith,84,doctor
V8l6gg,Bob,Robinson,82,np
JWs6m7,Bob,Lee,25,doctor
Uz0ccN,Bob,Johnson,59,nurse
uZgnZe,John,Johnson,34,nurse
nbSIau,Bob,Garcia,50,doctor
r7gmqT,Bob,Wright,92,nurse
cxX6ye,Olivia,Lee,61,doctor
PadyPT,Bob,Brown,75,np
1n1KPR,Alice,Brown,69,np
6ta4tI,Daniel,Johnson,78,doctor
ly7VTV,Olivia,Harris,108,nurse
vBtafS,David,Robinson,65,nurse
34kzaQ,David,Robinson,106,doctor
v5pM7E,Michael,Clark,35,nurse
eYBB2w,Daniel,Smith,29,np
aOuQRH,Alice,Lee,83,doctor
ZQ00Kj,David,Lee,45,doctor
dLOhd8,Olivia,Harris,29,doctor
YYLrgs,Emma,Harris,35,np
OTQgWt,David,Smith,20,np
i7NuC1,David,Smith,21,nurse
FribNp,John,Robinson,35,np
5ZbX4C,Daniel,Clark,61,nurse
BvdyZN,Sophia,Harris,92,doctor
NfJjfZ,John,Lee,104,np
CVtqZm,Jane,Hall,31,doctor
z7Xnvv,Alice,Hall,71,doctor
0KZlf1,Emma,Garcia,28,doctor
9FvSOs,Jane,Smith,109,np
9G2Cb2,John,Clark,7,doctor
ffInkV,Bob,Lee,12,doctor
jkmRmA,Michael,Brown,16,nurse
idQeqq,Jane,Brown,108,np
SBTsKK,Emma,Garcia,112,np
xvolnV,Alice,Harris,35,doctor
TT9UNE,Sophia,Robinson,112,np
